h,model,n,RMSE,MAE,CRPS,cakupan95
6,Gradient boosting,25560,69.76,21.46,23.32,0.96
6,M1 LLT,25637,71.19,15.88,24.24,0.98
6,M2 tren + AR(1),25637,70.99,15.64,23.92,0.98
6,M3 tren tetap + AR(1),25637,79.34,20.54,27.0,0.98
6,OLS drift,25388,85.56,24.19,35.46,0.97
6,Persistensi,25560,70.29,14.52,27.54,0.99
12,Gradient boosting,20419,84.21,31.63,30.28,0.94
12,M1 LLT,20530,81.98,21.94,33.04,0.98
12,M2 tren + AR(1),20530,81.36,21.54,32.6,0.98
12,M3 tren tetap + AR(1),20530,104.58,31.7,40.54,0.97
12,OLS drift,20231,118.9,36.57,53.98,0.97
12,Persistensi,20419,78.9,20.05,36.86,0.99
