model,wilayah,σ_ε,σ_η,σ_ζ,σ_u,φ
M1 LLT,PKL,2.887,59.571,0.0,,
M1 LLT,SEM,2.887,26.317,0.0,,
M1 LLT,CIR,4.141,30.126,0.0,,
M1 LLT,SBY,12.627,16.498,0.0,,
M1 LLT,JPR,2.887,31.911,0.0,,
M1 LLT,GABUNGAN,2.887,31.911,0.0,,
M2 tren + AR(1),PKL,2.887,39.008,0.0,44.064,0.866
M2 tren + AR(1),SEM,2.887,26.317,0.0,0.0,1.0
M2 tren + AR(1),CIR,4.386,30.032,0.002,0.839,-0.305
M2 tren + AR(1),SBY,12.66,16.474,0.0,0.0,0.969
M2 tren + AR(1),JPR,2.887,31.911,0.0,0.0,0.723
M2 tren + AR(1),GABUNGAN,2.887,31.911,0.0,0.0,0.723
M3 tren tetap + AR(1),PKL,2.887,0.0,0.789,58.723,0.904
M3 tren tetap + AR(1),SEM,2.887,0.0,0.586,25.867,0.962
M3 tren tetap + AR(1),CIR,2.887,0.0,0.474,29.988,0.956
M3 tren tetap + AR(1),SBY,12.409,0.0,0.0,16.58,0.953
M3 tren tetap + AR(1),JPR,2.887,0.0,0.381,31.301,0.932
M3 tren tetap + AR(1),GABUNGAN,2.887,0.0,0.381,31.301,0.932
