rekomendasi,PKL,SEM,CIR,SBY,JPR,TOTAL
RED · rekayasa hibrida,3,8,4,0,0,15
ORANGE · managed realignment,38,91,108,5,0,242
YELLOW · pengayaan sabuk hijau,4,1,11,134,3,153
GREEN · konservasi ketat,0,20,22,463,5,510
Penangkap sedimen + penanaman di dataran lumpur,4,89,31,1,0,125
Restorasi hidrologis + penangkap sedimen,66,31,90,0,0,187
Restorasi alami di dataran lumpur,8,15,77,230,130,460
Restorasi hidrologis tambak terbengkalai,1,5,0,4,0,10
Silvofishery pada tambak aktif,15,0,27,1,2,45
Perlindungan pantai terbangun,43,46,27,322,48,486
"Lahan darat, tidak prioritas",108,9,8,5,2,132
