rekomendasi,PKL,SEM,CIR,SBY,JPR,TOTAL km,kawasan
RED · rekayasa hibrida,1.0,3.0,1.5,0.0,0.0,5.5,9
ORANGE · managed realignment,8.0,30.75,28.75,1.5,0.0,69.0,30
YELLOW · pengayaan sabuk hijau,0.75,0.0,3.0,37.25,0.5,41.5,23
GREEN · konservasi ketat,0.0,6.0,3.0,113.75,1.75,124.5,40
Penangkap sedimen + penanaman di dataran lumpur,0.75,19.75,5.75,0.0,0.0,26.25,17
Restorasi hidrologis + penangkap sedimen,18.75,4.25,24.75,0.0,0.0,47.75,22
Restorasi alami di dataran lumpur,1.0,2.75,22.0,59.0,34.25,119.0,57
Restorasi hidrologis tambak terbengkalai,0.0,1.0,0.0,0.5,0.0,1.5,2
Silvofishery pada tambak aktif,3.25,0.0,5.0,0.0,0.0,8.25,3
Perlindungan pantai terbangun,9.25,11.25,7.5,79.25,11.0,118.25,49
"Lahan darat, tidak prioritas",29.75,0.0,0.0,0.0,0.0,29.75,7
