,tau_veg,tau_sar,tau_built,tipologi_sama,jaccard_RED_ORANGE,jaccard_hotspot,jaccard_top10_PERI,P5_gt_07,Y_terukur
0,0.3,-18.0,0.4,0.988,1.0,0.0,0.917,0.0,0.869
1,0.3,-18.0,0.5,1.0,1.0,0.0,0.978,0.0,0.869
2,0.3,-18.0,0.6,0.984,1.0,0.0,0.804,0.0,0.869
3,0.3,-17.0,0.4,0.988,1.0,0.0,0.917,0.0,0.859
4,0.3,-17.0,0.5,1.0,1.0,0.0,0.978,0.0,0.859
5,0.3,-17.0,0.6,0.984,1.0,0.0,0.822,0.0,0.859
6,0.3,-16.0,0.4,0.985,1.0,0.0,0.897,0.0,0.827
7,0.3,-16.0,0.5,0.998,1.0,0.0,0.957,0.0,0.827
8,0.3,-16.0,0.6,0.983,1.0,0.0,0.822,0.0,0.827
9,0.3,-15.0,0.4,0.977,1.0,0.0,0.822,0.001,0.743
10,0.3,-15.0,0.5,0.99,1.0,0.0,0.897,0.001,0.743
11,0.3,-15.0,0.6,0.98,1.0,0.0,0.786,0.001,0.743
12,0.4,-18.0,0.4,0.988,1.0,0.0,0.917,0.0,0.853
13,0.4,-18.0,0.5,1.0,1.0,0.0,0.978,0.0,0.853
14,0.4,-18.0,0.6,0.984,1.0,0.0,0.804,0.0,0.853
15,0.4,-17.0,0.4,0.988,1.0,0.0,0.917,0.0,0.845
16,0.4,-17.0,0.5,1.0,1.0,0.0,1.0,0.0,0.845
17,0.4,-17.0,0.6,0.984,1.0,0.0,0.822,0.0,0.845
18,0.4,-16.0,0.4,0.985,1.0,0.0,0.897,0.0,0.817
19,0.4,-16.0,0.5,0.998,1.0,0.0,0.978,0.0,0.817
20,0.4,-16.0,0.6,0.983,1.0,0.0,0.822,0.0,0.817
21,0.4,-15.0,0.4,0.977,1.0,0.0,0.804,0.001,0.734
22,0.4,-15.0,0.5,0.99,1.0,0.0,0.897,0.001,0.734
23,0.4,-15.0,0.6,0.98,1.0,0.0,0.786,0.001,0.734
24,0.5,-18.0,0.4,0.986,1.0,0.0,0.859,0.0,0.819
25,0.5,-18.0,0.5,0.998,1.0,0.0,0.957,0.0,0.819
26,0.5,-18.0,0.6,0.985,1.0,0.0,0.786,0.0,0.819
27,0.5,-17.0,0.4,0.986,1.0,0.0,0.859,0.0,0.812
28,0.5,-17.0,0.5,0.998,1.0,0.0,0.957,0.0,0.812
29,0.5,-17.0,0.6,0.984,1.0,0.0,0.786,0.0,0.812
30,0.5,-16.0,0.4,0.984,1.0,0.0,0.859,0.0,0.787
31,0.5,-16.0,0.5,0.996,1.0,0.0,0.937,0.0,0.787
32,0.5,-16.0,0.6,0.983,1.0,0.0,0.786,0.0,0.787
33,0.5,-15.0,0.4,0.976,1.0,0.0,0.822,0.001,0.708
34,0.5,-15.0,0.5,0.989,1.0,0.0,0.897,0.001,0.708
35,0.5,-15.0,0.6,0.98,1.0,0.0,0.752,0.001,0.708
