Perbandingan Pasangan,Z-score,p-value (Raw),p-value (Bonferroni),Signifikan (alpha=0.01)
Cirebon vs Pekalongan,-125.139,0.0000e+00,0.0000e+00,True
Cirebon vs Semarang,-44.999,0.0000e+00,0.0000e+00,True
Cirebon vs Jepara,12.737,0.0000e+00,0.0000e+00,True
Cirebon vs Surabaya,17.408,0.0000e+00,0.0000e+00,True
Pekalongan vs Semarang,90.735,0.0000e+00,0.0000e+00,True
Pekalongan vs Jepara,118.379,0.0000e+00,0.0000e+00,True
Pekalongan vs Surabaya,147.139,0.0000e+00,0.0000e+00,True
Semarang vs Jepara,49.038,0.0000e+00,0.0000e+00,True
Semarang vs Surabaya,67.704,0.0000e+00,0.0000e+00,True
Jepara vs Surabaya,0.131,8.9595e-01,1.0000e+00,False
