,tau_veg,tau_sar,syarat_tambahan,transek_terdeteksi,presisi,recall,F1,selisih_median_m,bias_m
29,0.5,-14,True,1284,0.462,0.84,0.596,50.0,30.0
19,0.4,-14,True,1329,0.455,0.857,0.595,45.0,30.0
9,0.3,-14,True,1347,0.452,0.863,0.593,40.0,25.0
39,0.6,-14,True,1195,0.468,0.792,0.588,50.0,35.0
37,0.6,-15,True,1384,0.442,0.867,0.586,30.0,20.0
35,0.6,-16,True,1459,0.433,0.895,0.584,20.0,20.0
27,0.5,-15,True,1459,0.432,0.892,0.582,25.0,20.0
17,0.4,-15,True,1501,0.428,0.909,0.582,20.0,15.0
7,0.3,-15,True,1516,0.425,0.914,0.581,20.0,10.0
33,0.6,-17,True,1497,0.426,0.902,0.578,20.0,10.0
