,tau_veg,tau_built,tau_sar,rho_PERI,rho_P5,tipologi_sama,obs_Y
0,0.3,0.4,-17,0.992,0.989,0.993,0.576
1,0.3,0.4,-16,0.993,0.991,0.993,0.554
2,0.3,0.4,-15,0.989,0.985,0.986,0.508
3,0.3,0.4,-14,0.979,0.97,0.977,0.419
4,0.3,0.5,-17,0.998,0.998,0.999,0.576
5,0.3,0.5,-16,1.0,1.0,1.0,0.554
6,0.3,0.5,-15,0.996,0.994,0.994,0.508
7,0.3,0.5,-14,0.986,0.977,0.982,0.419
8,0.3,0.6,-17,0.98,0.973,0.983,0.576
9,0.3,0.6,-16,0.981,0.975,0.984,0.554
10,0.3,0.6,-15,0.976,0.968,0.983,0.508
11,0.3,0.6,-14,0.964,0.949,0.976,0.419
12,0.4,0.4,-17,0.992,0.99,0.993,0.566
13,0.4,0.4,-16,0.993,0.991,0.993,0.546
14,0.4,0.4,-15,0.989,0.985,0.986,0.501
15,0.4,0.4,-14,0.979,0.968,0.979,0.413
16,0.4,0.5,-17,0.999,0.998,0.999,0.566
17,0.4,0.5,-16,1.0,1.0,1.0,0.546
18,0.4,0.5,-15,0.995,0.994,0.994,0.501
19,0.4,0.5,-14,0.985,0.976,0.983,0.413
20,0.4,0.6,-17,0.98,0.974,0.983,0.566
21,0.4,0.6,-16,0.981,0.975,0.984,0.546
22,0.4,0.6,-15,0.976,0.968,0.983,0.501
23,0.4,0.6,-14,0.963,0.947,0.976,0.413
24,0.5,0.4,-17,0.992,0.99,0.99,0.542
25,0.5,0.4,-16,0.992,0.99,0.992,0.524
26,0.5,0.4,-15,0.989,0.985,0.984,0.483
27,0.5,0.4,-14,0.978,0.967,0.977,0.398
28,0.5,0.5,-17,0.999,0.998,0.996,0.542
29,0.5,0.5,-16,0.999,0.998,0.997,0.524
30,0.5,0.5,-15,0.995,0.993,0.993,0.483
31,0.5,0.5,-14,0.984,0.974,0.982,0.398
32,0.5,0.6,-17,0.98,0.974,0.983,0.542
33,0.5,0.6,-16,0.98,0.973,0.984,0.524
34,0.5,0.6,-15,0.975,0.967,0.983,0.483
35,0.5,0.6,-14,0.962,0.945,0.976,0.398
