kawasan_id,wilayah,tipologi,transek,pop,multi_silang,panjang_km,P5_median,RFI_median
CIR_K001,CIR,ABU,12,647.2,0.0,3.0,,
CIR_K002,CIR,ORANGE,5,129.70000000000002,0.0,1.25,1.2718470388073594e-169,0.5565044239202142
CIR_K003,CIR,ORANGE,11,3.8,0.36363636363636365,2.75,9.533739441070024e-188,0.5863667286037751
CIR_K004,CIR,ORANGE,5,0.0,0.2,1.25,4.0720362508112244e-182,0.49254714058073656
CIR_K005,CIR,ORANGE,1,2.8,0.0,0.25,6.882858794008559e-206,0.6205304556915199
CIR_K006,CIR,ORANGE,1,0.0,1.0,0.25,9.73137812414089e-274,0.5550931591965287
CIR_K007,CIR,ABU,103,2725.3,0.038834951456310676,25.75,3.380106589899986e-25,0.6164936140586739
CIR_K008,CIR,ABU,6,0.0,0.3333333333333333,1.5,,
CIR_K009,CIR,ABU,78,72635.2,0.01282051282051282,19.5,5.30501617197087e-169,0.5943236921960219
CIR_K010,CIR,ORANGE,4,58.8,0.5,1.0,2.921930095746107e-141,0.5845492908095209
CIR_K011,CIR,ABU,10,920.0,0.2,2.5,1.2829871631014392e-101,0.5703820796054375
CIR_K012,CIR,ABU,169,482930.9,0.047337278106508875,42.25,0.0012250446152978682,0.4316395184135977
JPR_K013,JPR,ABU,97,47602.7,0.05154639175257732,24.25,,
JPR_K014,JPR,GREEN,5,473.20000000000005,1.0,1.25,1.366659144772498e-159,0.6733383775661969
JPR_K015,JPR,ABU,11,3622.5,0.0,2.75,,
JPR_K016,JPR,ABU,18,20794.0,0.2222222222222222,4.5,,
JPR_K017,JPR,ABU,12,73020.0,0.08333333333333333,3.0,,
JPR_K018,JPR,ABU,47,148090.9,0.06382978723404255,11.75,,
PKL_K019,PKL,ABU,117,129139.0,0.017094017094017096,29.25,0.023987428431249104,0.4877094178821554
PKL_K020,PKL,ORANGE,6,2693.2,0.0,1.5,7.922792576189579e-27,0.5455196881591184
PKL_K021,PKL,ABU,8,512.5,0.0,2.0,,
PKL_K022,PKL,ORANGE,8,398.1,0.0,2.0,1.1754439090455237e-101,0.5156544022750684
PKL_K023,PKL,ABU,38,635.8,0.0,9.5,,
PKL_K024,PKL,ABU,113,354039.6,0.017699115044247787,28.25,,
SBY_K025,SBY,ORANGE,5,41.5,0.0,1.25,1.3300157531044455e-196,0.6099529542695266
SBY_K026,SBY,ABU,2,1.7999999999999998,1.0,0.5,,
SBY_K027,SBY,GREEN,7,53.5,0.0,1.75,3.037963495318043e-201,0.6917382259206799
SBY_K028,SBY,GREEN,57,60.8,0.0,14.25,1.1923658064093396e-189,0.648519601571781
SBY_K029,SBY,ORANGE,10,16.2,0.6,2.5,3.698426041433958e-127,0.515460817109678
SBY_K030,SBY,ORANGE,5,52.7,0.0,1.25,2.266951485397384e-184,0.48156407115330624
SBY_K031,SBY,GREEN,13,269.3,0.0,3.25,3.5204904345232675e-198,0.6540228659620051
SBY_K032,SBY,ORANGE,9,40.9,0.0,2.25,1.0358166210129175e-185,0.5993857316297624
SBY_K033,SBY,GREEN,19,6068.6,0.05263157894736842,4.75,5.967467747562948e-107,0.5873043976797518
SBY_K034,SBY,ABU,23,242973.9,0.043478260869565216,5.75,0.2830307262607546,0.4562677053824363
SBY_K035,SBY,GREEN,14,18372.8,0.0,3.5,8.449524743848497e-43,0.6961424008373898
SBY_K036,SBY,ABU,35,158677.7,0.3142857142857143,8.75,,
SBY_K037,SBY,ABU,4,1146.3,1.0,1.0,,
SBY_K038,SBY,YELLOW,5,4537.400000000001,0.0,1.25,5.925570480621552e-21,0.47725186234393036
SBY_K039,SBY,YELLOW,4,2639.3,1.0,1.0,3.8533301190235605e-26,0.5156112201228439
SBY_K040,SBY,YELLOW,2,1154.2,0.0,0.5,7.173414299800896e-34,0.6020212532055915
SBY_K041,SBY,ABU,3,2681.9,1.0,0.75,,
SBY_K042,SBY,ABU,6,27930.8,0.0,1.5,3.4238880219722978e-47,0.5462973432999262
SBY_K043,SBY,ABU,30,177000.0,0.16666666666666666,7.5,,
SBY_K044,SBY,ABU,7,789.5999999999999,1.0,1.75,,
SBY_K045,SBY,ABU,1,6.9,1.0,0.25,,
SBY_K046,SBY,ABU,1,2420.7,0.0,0.25,,
SBY_K047,SBY,ABU,1,22.3,1.0,0.25,,
SBY_K048,SBY,ABU,2,207.2,1.0,0.5,,
SBY_K049,SBY,ABU,8,1279.3,0.5,2.0,2.991763033410909e-25,0.5101072855070757
SBY_K050,SBY,GREEN,1,978.6,1.0,0.25,6.659917594147573e-06,0.44262067433205576
SBY_K051,SBY,ABU,3,567.1,1.0,0.75,,
SBY_K052,SBY,GREEN,9,4213.1,0.0,2.25,1.7850643172896718e-75,0.6644664578646348
SBY_K053,SBY,ABU,12,14466.4,0.08333333333333333,3.0,0.001959706963042534,0.6004472533563247
SBY_K054,SBY,GREEN,58,5767.3,0.017241379310344827,14.5,1.531972315045507e-214,0.761435985071885
SBY_K055,SBY,GREEN,16,43.8,0.3125,4.0,5.79877380037768e-198,0.6965306922828096
SBY_K056,SBY,GREEN,7,5.7,0.0,1.75,1.0172371880961521e-230,0.7188631343928553
SBY_K057,SBY,ABU,4,1.5,0.25,1.0,5.208561841047551e-199,0.7128699814398749
SBY_K058,SBY,GREEN,33,65.5,0.0,8.25,7.71276822985979e-230,0.6785008054213186
SBY_K059,SBY,GREEN,8,0.0,0.0,2.0,1.3054058720035663e-230,0.6711258000209841
SBY_K060,SBY,ORANGE,4,0.5,0.0,1.0,1.7047161166263482e-200,0.6321573402149869
SBY_K061,SBY,GREEN,6,1506.6,0.0,1.5,2.0076844729769096e-98,0.6655027192437624
SBY_K062,SBY,ABU,29,70047.8,0.034482758620689655,7.25,0.001674001132012276,0.4663762557996939
SBY_K063,SBY,ABU,149,366023.7,0.03355704697986577,37.25,1.0844822915875332e-10,0.5073702993945453
SBY_K064,SBY,GREEN,10,4975.0,0.0,2.5,1.0173450242854982e-17,0.46746463098695046
SBY_K065,SBY,ABU,21,46551.8,0.047619047619047616,5.25,,
SBY_K066,SBY,GREEN,4,5518.6,0.0,1.0,3.055745202179611e-08,0.39652813546227145
SBY_K067,SBY,ABU,16,57183.1,0.0,4.0,5.652640041308294e-05,0.3813739376770538
SBY_K068,SBY,YELLOW,5,9729.5,0.0,1.25,3.133907740159998e-06,0.42206632500588254
SBY_K069,SBY,GREEN,26,19120.9,0.0,6.5,2.4917673256837755e-15,0.44776912181303113
SBY_K070,SBY,GREEN,25,2921.5,0.2,6.25,3.9669106338684505e-44,0.5112796905643932
SBY_K071,SBY,ABU,16,21945.8,0.0,4.0,,
SBY_K072,SBY,YELLOW,9,25264.9,0.0,2.25,0.009067631946565144,0.47291076487252126
SBY_K073,SBY,ABU,7,24388.3,0.0,1.75,,
SBY_K074,SBY,YELLOW,31,137390.1,0.0,7.75,6.230185150082517e-05,0.4854815864022663
SBY_K075,SBY,GREEN,4,2867.1,0.0,1.0,3.3666345410394285e-25,0.5354107648725213
SBY_K076,SBY,ABU,35,40141.8,0.08571428571428572,8.75,2.0380445217233713e-08,0.5382436260623229
SBY_K077,SBY,ABU,11,23168.3,0.09090909090909091,2.75,,
SBY_K078,SBY,GREEN,31,17252.6,0.0,7.75,5.597755714965137e-31,0.5354107648725213
SBY_K079,SBY,ABU,94,211585.2,0.02127659574468085,23.5,0.005141328791935217,0.5055771954674221
SBY_K080,SBY,GREEN,5,6408.1,0.0,1.25,6.723477078821764e-10,0.47556657223796034
SBY_K081,SBY,YELLOW,12,19776.8,0.0,3.0,0.0020013285811446707,0.49158994334277617
SBY_K082,SBY,GREEN,5,9186.5,0.0,1.25,5.752836083298286e-19,0.4985835694050991
SBY_K083,SBY,YELLOW,8,10025.2,0.0,2.0,0.04434325488162785,0.4817634560906516
SBY_K084,SBY,ABU,74,126493.3,0.04054054054054054,18.5,0.028511902457748144,0.459449061966389
SBY_K085,SBY,GREEN,29,2797.8,0.034482758620689655,7.25,9.757967595948196e-52,0.6781865880776143
SBY_K086,SBY,YELLOW,16,19655.3,0.0,4.0,0.0021461842211076645,0.5637573822442022
SBY_K087,SBY,GREEN,5,952.4,0.0,1.25,1.8931460235230827e-27,0.5563395197373646
SBY_K088,SBY,ABU,6,743.0,0.0,1.5,,
SBY_K089,SBY,GREEN,9,1427.3,0.0,2.25,2.634072585262296e-33,0.5426819078842665
SBY_K090,SBY,YELLOW,6,12408.4,0.0,1.5,0.12632424025652608,0.46565200801702533
SBY_K091,SBY,ABU,29,77535.8,0.06896551724137931,7.25,0.4543911961397039,0.36102516693319814
SBY_K092,SBY,ABU,4,9152.0,1.0,1.0,,
SEM_K093,SEM,ABU,24,9396.2,0.0,6.0,,
SEM_K094,SEM,ORANGE,7,0.0,0.0,1.75,1.97264383165165e-63,0.4999730315366865
SEM_K095,SEM,GREEN,8,0.0,0.25,2.0,2.2841465725419065e-90,0.5394996315841196
SEM_K096,SEM,ORANGE,11,282.20000000000005,0.7272727272727273,2.75,9.606935742154081e-90,0.513133593133099
SEM_K097,SEM,ABU,4,140.4,1.0,1.0,,
SEM_K098,SEM,GREEN,4,11.6,0.0,1.0,4.8885341606611276e-104,0.612017751238103
SEM_K099,SEM,ORANGE,13,770.5,0.07692307692307693,3.25,5.246812674958355e-94,0.5577168637599434
SEM_K100,SEM,ABU,10,3472.6,0.2,2.5,,
SEM_K101,SEM,ORANGE,18,189.5,0.16666666666666666,4.5,3.772566158339756e-72,0.5299220963172805
SEM_K102,SEM,ABU,64,75308.8,0.15625,16.0,9.482332291867078e-21,0.49758590959477766
SEM_K103,SEM,ABU,27,74527.3,0.25925925925925924,6.75,4.1201407183537334e-41,0.4653457378315735
SEM_K104,SEM,ORANGE,5,62.7,0.0,1.25,1.962585399959708e-34,0.47038551062313194
SEM_K105,SEM,ABU,14,3143.2,0.14285714285714285,3.5,7.436606116188228e-19,0.505198300283286
SEM_K106,SEM,GREEN,5,133.7,0.6,1.25,2.093456310343825e-68,0.636205093612731
SEM_K107,SEM,ORANGE,5,729.4,0.2,1.25,5.581997575501998e-37,0.5927914250483224
SEM_K108,SEM,ABU,27,20068.7,0.037037037037037035,6.75,0.2195216870958242,0.34161324774311463
SEM_K109,SEM,ORANGE,9,38.800000000000004,0.0,2.25,1.3583880881581763e-26,0.6474621495637015
SEM_K110,SEM,ABU,26,863.7,0.0,6.5,1.7813901930328984e-24,0.5985551246923326
SEM_K111,SEM,ORANGE,13,62.300000000000004,0.0,3.25,2.4921850575775494e-55,0.5786058552243568
SEM_K112,SEM,GREEN,7,263.2,0.14285714285714285,1.75,1.2703133722661044e-18,0.5811596725404523
SEM_K113,SEM,ABU,14,87.4,0.0,3.5,2.3825539980256853e-111,0.5669878749522834
