date,year_dcml,vert,v_err,north,east
20210101,2021.00205339,-0.014713,0.02032,-0.048793,0.126698
20210102,2021.00479124,-0.009593,0.02443,-0.051723,0.134888
20210103,2021.00752909,-0.013593,0.02155,-0.045953,0.133948
20210104,2021.01026694,-0.013233,0.02114,-0.045853,0.130648
20210105,2021.01300479,-0.022433,0.02154,-0.049283,0.134098
20210106,2021.01574264,-0.012583,0.02334,-0.045573,0.135038
20210107,2021.01848049,-0.012733,0.02321,-0.051713,0.136008
20210108,2021.02121834,-0.014183,0.02188,-0.051483,0.135598
20210109,2021.02395619,-0.008743,0.02286,-0.047203,0.134188
20210110,2021.02669405,-0.001613,0.02251,-0.048843,0.133238
20210111,2021.0294319,-0.012093,0.02198,-0.049903,0.134588
20210112,2021.03216975,-0.020383,0.02502,-0.048513,0.135468
20210113,2021.0349076,-0.019203,0.02546,-0.057923,0.135308
20210114,2021.03764545,-0.033313,0.02358,-0.052303,0.132048
20210115,2021.0403833,-0.021353,0.02105,-0.052633,0.136508
20210116,2021.04312115,-0.024203,0.01889,-0.051243,0.132718
20210117,2021.045859,-0.013963,0.02415,-0.046283,0.136428
20210118,2021.04859685,-0.019703,0.01972,-0.052573,0.134848
20210119,2021.0513347,-0.014623,0.01856,-0.052833,0.139088
20210120,2021.05407255,-0.010483,0.02111,-0.052303,0.135328
20210121,2021.0568104,-0.006113,0.02645,-0.050293,0.138508
20210122,2021.05954825,-0.029223,0.02475,-0.051793,0.139058
20210123,2021.06228611,-0.026133,0.01998,-0.053413,0.137808
20210124,2021.06502396,-0.005243,0.02225,-0.053713,0.138328
20210125,2021.06776181,-0.013273,0.02216,-0.051143,0.138208
20210126,2021.07049966,-0.016753,0.02191,-0.052803,0.138108
20210127,2021.07323751,-0.022093,0.02065,-0.053073,0.141538
20210128,2021.07597536,-0.015933,0.02015,-0.050073,0.137548
20210129,2021.07871321,-0.022783,0.01855,-0.054063,0.139748
20210130,2021.08145106,-0.019143,0.02017,-0.052433,0.137998
20210131,2021.08418891,-0.022843,0.02595,-0.051123,0.137458
20210201,2021.08692676,-0.024123,0.01978,-0.053263,0.137698
20210202,2021.08966461,-0.011443,0.0206,-0.048433,0.137768
20210203,2021.09240246,-0.006033,0.02188,-0.052293,0.139668
20210204,2021.09514031,-0.019283,0.02183,-0.048373,0.138418
20210205,2021.09787817,-0.018693,0.02356,-0.054513,0.140948
20210206,2021.10061602,-0.030683,0.02242,-0.054173,0.142788
20210207,2021.10335387,-0.007683,0.02512,-0.045973,0.141618
20210208,2021.10609172,-0.018703,0.02451,-0.055513,0.137988
20210209,2021.10882957,-0.011093,0.02325,-0.049783,0.137798
20210210,2021.11156742,-0.024323,0.02318,-0.050433,0.135298
20210211,2021.11430527,-0.021323,0.02214,-0.052413,0.137358
20210212,2021.11704312,-0.017003,0.02559,-0.053123,0.135908
20210213,2021.11978097,-0.027373,0.02915,-0.049183,0.131468
20210214,2021.12251882,-0.014703,0.02603,-0.050093,0.136528
20210215,2021.12525667,-0.021483,0.02604,-0.050023,0.135418
20210216,2021.12799452,-0.003753,0.02472,-0.051203,0.134168
20210217,2021.13073238,-0.011783,0.02233,-0.053683,0.134908
20210218,2021.13347023,-0.016813,0.02099,-0.051563,0.137808
20210219,2021.13620808,0.000437,0.02114,-0.050963,0.136968
20210221,2021.14168378,-0.013553,0.02203,-0.056053,0.137058
20210222,2021.14442163,-0.012543,0.02149,-0.054353,0.138118
20210223,2021.14715948,-0.021943,0.02598,-0.052153,0.134218
20210225,2021.15263518,-0.029263,0.02396,-0.049743,0.141838
20210228,2021.16084873,-0.010643,0.02351,-0.052393,0.137568
20210301,2021.16358658,-0.007633,0.02406,-0.054493,0.137048
20210302,2021.16632444,-0.016723,0.02371,-0.054233,0.137308
20210303,2021.16906229,-0.018483,0.02212,-0.055553,0.141038
20210304,2021.17180014,-0.016623,0.02507,-0.056213,0.140638
20210306,2021.17727584,-0.021963,0.021,-0.053983,0.142798
20210307,2021.18001369,-0.022763,0.02248,-0.055003,0.138638
20210309,2021.18548939,-0.010843,0.02009,-0.052433,0.140748
20210310,2021.18822724,-0.021603,0.02003,-0.056013,0.139998
20210311,2021.19096509,-0.019193,0.02218,-0.058673,0.141838
20210312,2021.19370294,-0.018113,0.0263,-0.061113,0.143468
20210313,2021.19644079,-0.019493,0.02448,-0.056643,0.140908
20210314,2021.19917864,-0.005853,0.02323,-0.052083,0.140568
20210315,2021.2019165,-0.001143,0.02389,-0.050193,0.137208
20210316,2021.20465435,-0.015203,0.02331,-0.056723,0.136298
20210317,2021.2073922,-0.013843,0.024,-0.055563,0.144108
20210318,2021.21013005,-0.004743,0.02872,-0.048523,0.137038
20210319,2021.2128679,-0.005583,0.02551,-0.057653,0.138298
20210320,2021.21560575,-0.001093,0.02361,-0.051473,0.138388
20210321,2021.2183436,-0.022183,0.02311,-0.055023,0.142118
20210322,2021.22108145,-0.016553,0.0215,-0.054193,0.142878
20210323,2021.2238193,-0.035063,0.02589,-0.054463,0.139638
20210324,2021.22655715,-0.025233,0.02718,-0.059293,0.140528
20210325,2021.229295,-0.031823,0.02809,-0.058173,0.135678
20210326,2021.23203285,-0.011523,0.0251,-0.055903,0.145308
20210327,2021.2347707,-0.006893,0.03138,-0.058483,0.145028
20210328,2021.23750856,-0.015253,0.02583,-0.056233,0.143348
20210329,2021.24024641,-0.011403,0.02304,-0.058183,0.143368
20210330,2021.24298426,-0.012703,0.02372,-0.056293,0.144058
20210331,2021.24572211,-0.022273,0.02735,-0.055143,0.144808
20210401,2021.24845996,-0.006283,0.02472,-0.057183,0.140178
20210402,2021.25119781,-0.006723,0.02861,-0.053793,0.141268
20210403,2021.25393566,-0.024253,0.02499,-0.059853,0.138348
20210404,2021.25667351,-0.005593,0.02662,-0.054703,0.140918
20210405,2021.25941136,-0.008743,0.02051,-0.056033,0.140388
20210406,2021.26214921,-0.021873,0.02539,-0.056693,0.140318
20210407,2021.26488706,-0.010123,0.02385,-0.055863,0.141228
20210408,2021.26762491,-0.006283,0.02544,-0.059653,0.144998
20210409,2021.27036277,-0.016333,0.02315,-0.056293,0.142988
20210410,2021.27310062,-0.008993,0.02616,-0.058803,0.142288
20210411,2021.27583847,-0.013943,0.02307,-0.055083,0.139708
20210412,2021.27857632,-0.021863,0.02717,-0.059993,0.138988
20210413,2021.28131417,-0.018633,0.0289,-0.058293,0.139698
20210415,2021.28678987,-0.026263,0.02884,-0.056243,0.140198
20210416,2021.28952772,-0.014903,0.02811,-0.057913,0.141608
20210417,2021.29226557,-0.022343,0.0309,-0.055143,0.140068
20210418,2021.29500342,-0.020873,0.0287,-0.060933,0.143278
20210419,2021.29774127,-0.025153,0.02707,-0.057673,0.142108
20210420,2021.30047912,-0.008883,0.02561,-0.055193,0.141328
20210421,2021.30321697,-0.019393,0.02348,-0.055763,0.141098
20210422,2021.30595483,0.006877,0.02527,-0.056573,0.146858
20210423,2021.30869268,-0.006223,0.02608,-0.055483,0.138718
20210424,2021.31143053,-0.012013,0.02932,-0.056883,0.137558
20210425,2021.31416838,-0.015733,0.02367,-0.054333,0.138968
20210426,2021.31690623,-0.011423,0.02367,-0.055233,0.140878
20210427,2021.31964408,-0.014943,0.02433,-0.055823,0.140618
20210428,2021.32238193,-0.020073,0.02776,-0.053913,0.139998
20210429,2021.32511978,-0.016483,0.02315,-0.058093,0.143088
20210430,2021.32785763,-0.000113,0.02356,-0.052653,0.141428
20210501,2021.33059548,-0.006643,0.02769,-0.057373,0.142878
20210502,2021.33333333,-0.011413,0.02785,-0.053413,0.144188
20210503,2021.33607118,-0.026393,0.0284,-0.054543,0.142518
20210504,2021.33880903,-0.012403,0.02423,-0.052743,0.140458
20210505,2021.34154689,-0.014523,0.02357,-0.055233,0.145818
20210506,2021.34428474,-0.007753,0.02449,-0.054273,0.142608
20210507,2021.34702259,-0.011563,0.0334,-0.059193,0.143118
20210508,2021.34976044,-0.017573,0.02527,-0.052673,0.141568
20210509,2021.35249829,-0.017843,0.02553,-0.055833,0.138908
20210510,2021.35523614,-0.011783,0.02012,-0.055663,0.139838
20210511,2021.35797399,0.002197,0.02314,-0.054653,0.141798
20210512,2021.36071184,-0.014083,0.01929,-0.056883,0.143038
20210513,2021.36344969,-0.015853,0.01992,-0.052003,0.140108
20210514,2021.36618754,-0.016783,0.02203,-0.054553,0.137308
20210515,2021.36892539,-0.017333,0.02556,-0.056073,0.142518
20210516,2021.37166324,-0.010963,0.0217,-0.056313,0.139118
20210517,2021.3744011,-0.007733,0.02677,-0.055353,0.140678
20210518,2021.37713895,-0.003863,0.02596,-0.057113,0.142968
20210519,2021.3798768,-0.021253,0.02295,-0.054193,0.142068
20210520,2021.38261465,-0.020013,0.02406,-0.055793,0.144698
20210521,2021.3853525,-0.012853,0.02336,-0.054923,0.142528
20210522,2021.38809035,-0.013563,0.02247,-0.057623,0.142518
20210523,2021.3908282,-0.004383,0.02631,-0.054993,0.149498
20210524,2021.39356605,-0.024183,0.02755,-0.051193,0.139968
20210525,2021.3963039,-0.000693,0.02585,-0.054993,0.144968
20210526,2021.39904175,-0.018283,0.02553,-0.056263,0.141118
20210527,2021.4017796,-0.012603,0.02352,-0.056053,0.137468
20210528,2021.40451745,-0.003253,0.02377,-0.052263,0.141838
20210529,2021.4072553,-0.017263,0.02384,-0.054053,0.140178
20210530,2021.40999316,-0.001873,0.02397,-0.054123,0.137928
20210531,2021.41273101,-0.002773,0.02639,-0.053153,0.138318
20210601,2021.41546886,-0.013793,0.02282,-0.055903,0.137278
20210602,2021.41820671,-0.010673,0.02241,-0.057523,0.140148
20210603,2021.42094456,-0.001193,0.02473,-0.060163,0.145378
20210604,2021.42368241,-0.009383,0.02736,-0.054333,0.146778
20210605,2021.42642026,-0.007743,0.02397,-0.055303,0.141948
20210606,2021.42915811,-0.010133,0.02311,-0.056853,0.146078
20210607,2021.43189596,-0.022853,0.02858,-0.061723,0.144898
20210608,2021.43463381,-0.015743,0.02667,-0.053803,0.145508
20210609,2021.43737166,-0.002453,0.02923,-0.051493,0.142688
20210610,2021.44010951,0.008457,0.02763,-0.047853,0.146288
20210612,2021.44558522,0.003477,0.02702,-0.053713,0.142078
20210613,2021.44832307,-0.007293,0.02363,-0.052563,0.142248
20210614,2021.45106092,-0.019313,0.0311,-0.053593,0.144598
20210615,2021.45379877,-0.027113,0.02936,-0.057933,0.139508
20210616,2021.45653662,0.000917,0.02597,-0.054773,0.143868
20210617,2021.45927447,-0.014433,0.02082,-0.055173,0.138298
20210618,2021.46201232,0.005767,0.02236,-0.058753,0.144038
20210619,2021.46475017,-0.021923,0.02854,-0.056553,0.143628
20210620,2021.46748802,-0.025443,0.02325,-0.056973,0.145818
20210621,2021.47022587,-0.010983,0.02282,-0.058063,0.144098
20210622,2021.47296372,-0.003023,0.02245,-0.055363,0.140458
20210623,2021.47570157,-0.020693,0.0325,-0.051553,0.143748
20210624,2021.47843943,-0.016963,0.03018,-0.058053,0.141218
20210625,2021.48117728,-0.023993,0.02713,-0.054843,0.143108
20210626,2021.48391513,-0.012303,0.02656,-0.056663,0.141998
20210627,2021.48665298,-0.030823,0.03293,-0.057603,0.147488
20210628,2021.48939083,-0.022593,0.02707,-0.060523,0.149108
20210629,2021.49212868,-0.016263,0.02853,-0.058893,0.146128
20210630,2021.49486653,-0.015783,0.02588,-0.062133,0.146268
20210701,2021.49760438,-0.026093,0.02332,-0.060803,0.144128
20210702,2021.50034223,-0.010963,0.02313,-0.058973,0.146338
20210703,2021.50308008,-0.020203,0.02253,-0.057583,0.150598
20210704,2021.50581793,-0.010833,0.02391,-0.057833,0.146558
20210705,2021.50855578,-0.023603,0.02365,-0.058003,0.149118
20210706,2021.51129363,-0.019953,0.02342,-0.058183,0.147898
20210707,2021.51403149,-0.012433,0.02296,-0.058523,0.143608
20210708,2021.51676934,-0.020633,0.02597,-0.058583,0.146778
20210709,2021.51950719,-0.011923,0.02427,-0.059253,0.141938
20210710,2021.52224504,-0.025863,0.0239,-0.058533,0.145438
20210711,2021.52498289,-0.018573,0.02342,-0.060463,0.144108
20210712,2021.52772074,-0.011413,0.02462,-0.060133,0.144418
20210713,2021.53045859,-0.017643,0.02669,-0.057123,0.144338
20210714,2021.53319644,-0.020153,0.02273,-0.060823,0.152868
20210715,2021.53593429,-0.026493,0.02353,-0.061293,0.149098
20210716,2021.53867214,-0.027283,0.02353,-0.059503,0.150978
20210717,2021.54140999,-0.034393,0.0201,-0.058623,0.147458
20210718,2021.54414784,-0.034453,0.02133,-0.059473,0.148618
20210719,2021.54688569,-0.018923,0.01995,-0.058363,0.147058
20210720,2021.54962355,-0.025203,0.02185,-0.059163,0.146658
20210721,2021.5523614,-0.030563,0.02402,-0.057593,0.149678
20210722,2021.55509925,-0.025853,0.0234,-0.059523,0.151998
20210723,2021.5578371,-0.019363,0.02415,-0.060043,0.151888
20210724,2021.56057495,-0.029653,0.02002,-0.058603,0.144718
20210725,2021.5633128,-0.029373,0.02188,-0.059523,0.144608
20210726,2021.56605065,-0.019543,0.02255,-0.058713,0.145198
20210727,2021.5687885,-0.016243,0.0223,-0.060773,0.147708
20210728,2021.57152635,-0.016533,0.02033,-0.060553,0.143738
20210729,2021.5742642,-0.018493,0.02059,-0.058913,0.146318
20210730,2021.57700205,-0.008963,0.02366,-0.060333,0.150348
20210731,2021.5797399,-0.024583,0.02748,-0.056733,0.147798
20210801,2021.58247775,-0.022823,0.02169,-0.061803,0.144878
20210802,2021.58521561,-0.023253,0.02229,-0.058003,0.147618
20210803,2021.58795346,-0.038953,0.0227,-0.062163,0.150758
20210804,2021.59069131,-0.036643,0.02341,-0.059703,0.145718
20210805,2021.59342916,-0.011443,0.02171,-0.061003,0.148038
20210806,2021.59616701,-0.025513,0.02453,-0.060793,0.148958
20210807,2021.59890486,-0.015403,0.02258,-0.060523,0.149498
20210808,2021.60164271,-0.014723,0.02556,-0.056483,0.149648
20210809,2021.60438056,-0.010353,0.02606,-0.058323,0.147628
20210810,2021.60711841,-0.014933,0.02334,-0.063053,0.147388
20210811,2021.60985626,-0.011613,0.02226,-0.062603,0.147488
20210812,2021.61259411,-0.017173,0.02079,-0.060103,0.147268
20210813,2021.61533196,-0.008063,0.02237,-0.060713,0.146768
20210814,2021.61806982,-0.021153,0.02214,-0.060173,0.147108
20210815,2021.62080767,-0.020903,0.02401,-0.062283,0.148678
20210816,2021.62354552,-0.021103,0.02382,-0.059743,0.149458
20210817,2021.62628337,-0.007523,0.02228,-0.062423,0.150228
20210818,2021.62902122,-0.022473,0.02145,-0.062533,0.151798
20210819,2021.63175907,0.001917,0.02233,-0.061553,0.151248
20210820,2021.63449692,-0.011833,0.02299,-0.060233,0.151388
20210821,2021.63723477,-0.021143,0.02494,-0.063083,0.147358
20210822,2021.63997262,-0.016323,0.0243,-0.060453,0.148088
20210823,2021.64271047,-0.007343,0.02237,-0.061393,0.147998
20210824,2021.64544832,-0.009263,0.02089,-0.062623,0.147998
20210825,2021.64818617,-0.014633,0.0229,-0.061953,0.151178
20210826,2021.65092402,-0.021233,0.02408,-0.060963,0.149988
20210827,2021.65366188,-0.013323,0.02354,-0.061573,0.149368
20210828,2021.65639973,-0.010683,0.0244,-0.060803,0.149618
20210829,2021.65913758,-0.017303,0.02491,-0.061473,0.146618
20210830,2021.66187543,-0.006063,0.02365,-0.060253,0.150038
20210831,2021.66461328,-0.021613,0.02392,-0.060523,0.150988
20210901,2021.66735113,-0.020983,0.02385,-0.059603,0.149738
20210902,2021.67008898,-0.016833,0.02328,-0.061413,0.152288
20210903,2021.67282683,-0.005613,0.02241,-0.062493,0.152708
20210904,2021.67556468,-0.012033,0.02141,-0.063383,0.151878
20210905,2021.67830253,-0.006683,0.02118,-0.061823,0.148838
20210906,2021.68104038,-0.012743,0.02361,-0.060963,0.149748
20210907,2021.68377823,-0.016703,0.02498,-0.062993,0.151208
20210908,2021.68651608,-0.023133,0.0267,-0.062303,0.155078
20210909,2021.68925394,-0.019353,0.02309,-0.061173,0.153388
20210910,2021.69199179,-0.010653,0.02211,-0.060063,0.149248
20210911,2021.69472964,-0.010683,0.03064,-0.060683,0.154008
20210912,2021.69746749,-0.024203,0.02201,-0.060683,0.150118
20210913,2021.70020534,-0.024833,0.02179,-0.061073,0.148778
20210914,2021.70294319,-0.008883,0.03474,-0.060163,0.142948
20210915,2021.70568104,-0.022493,0.02281,-0.062773,0.147578
20210916,2021.70841889,-0.019163,0.02287,-0.064273,0.148758
20210917,2021.71115674,-0.004033,0.0235,-0.061543,0.150188
20210918,2021.71389459,-0.016093,0.02493,-0.064503,0.149078
20210919,2021.71663244,-0.014623,0.02411,-0.061903,0.148228
20210920,2021.71937029,-0.017893,0.01647,-0.064363,0.149478
20210921,2021.72210815,-0.011763,0.02621,-0.060653,0.150078
20210922,2021.724846,-0.027843,0.02639,-0.065293,0.147858
20210923,2021.72758385,-0.016893,0.0214,-0.062983,0.152428
20210924,2021.7303217,-0.013183,0.02688,-0.060993,0.151238
20210925,2021.73305955,-0.013423,0.02631,-0.062243,0.155608
20210926,2021.7357974,-0.019793,0.0241,-0.061533,0.150058
20210927,2021.73853525,-0.017963,0.02013,-0.060943,0.149148
20210928,2021.7412731,-0.023793,0.01927,-0.061033,0.150548
20210929,2021.74401095,-0.015813,0.02364,-0.060603,0.153768
20210930,2021.7467488,-0.009423,0.02337,-0.057653,0.151088
20211001,2021.74948665,-0.016833,0.02169,-0.059393,0.150368
20211002,2021.7522245,-0.025963,0.02403,-0.061613,0.150918
20211003,2021.75496235,-0.021943,0.02538,-0.060683,0.153748
20211004,2021.75770021,-0.018813,0.02393,-0.060633,0.150458
20211005,2021.76043806,-0.026703,0.02009,-0.063923,0.148898
20211006,2021.76317591,-0.021053,0.02198,-0.059803,0.152648
20211007,2021.76591376,-0.021093,0.02066,-0.057933,0.149928
20211008,2021.76865161,-0.028093,0.02462,-0.058463,0.150078
20211009,2021.77138946,-0.015553,0.02404,-0.059783,0.146898
20211010,2021.77412731,-0.019583,0.02436,-0.056633,0.151088
20211011,2021.77686516,-0.027263,0.02378,-0.061453,0.153968
20211012,2021.77960301,-0.025773,0.02096,-0.060773,0.149528
20211013,2021.78234086,-0.019433,0.02574,-0.061933,0.150368
20211014,2021.78507871,-0.010763,0.02026,-0.060213,0.151438
20211015,2021.78781656,-0.013883,0.02349,-0.060473,0.151978
20211016,2021.79055441,-0.012123,0.02354,-0.058483,0.152118
20211017,2021.79329227,-0.019033,0.02536,-0.061203,0.149728
20211018,2021.79603012,-0.045753,0.02556,-0.058683,0.155438
20211019,2021.79876797,-0.021343,0.02374,-0.058413,0.150928
20211020,2021.80150582,-0.017343,0.02565,-0.062193,0.151348
20211021,2021.80424367,-0.008673,0.0276,-0.062053,0.155358
20211022,2021.80698152,-0.007333,0.02692,-0.056503,0.148948
20211023,2021.80971937,-0.018103,0.02481,-0.061533,0.150608
20211024,2021.81245722,-0.001043,0.02873,-0.055883,0.154758
20211025,2021.81519507,-0.014393,0.0265,-0.059583,0.153368
20211026,2021.81793292,-0.011253,0.02505,-0.060083,0.153268
20211027,2021.82067077,-0.013643,0.02242,-0.056453,0.154308
20211028,2021.82340862,-0.017153,0.02799,-0.061193,0.159298
20211029,2021.82614648,-0.007503,0.03426,-0.059373,0.154468
20211030,2021.82888433,-0.019713,0.03178,-0.059293,0.150138
20211031,2021.83162218,-0.017973,0.03315,-0.060243,0.151928
20211101,2021.83436003,-0.011573,0.02574,-0.059513,0.158818
20211102,2021.83709788,-0.020973,0.02432,-0.059093,0.157168
20211103,2021.83983573,-0.024623,0.02598,-0.059893,0.152448
20211104,2021.84257358,-0.016383,0.02664,-0.058233,0.156298
20211105,2021.84531143,-0.023083,0.02503,-0.059333,0.153698
20211106,2021.84804928,-0.001693,0.02219,-0.054033,0.161908
20211107,2021.85078713,-0.014073,0.0258,-0.059173,0.155748
20211108,2021.85352498,-0.010303,0.02169,-0.058523,0.154528
20211109,2021.85626283,-0.017823,0.02143,-0.060473,0.152158
20211110,2021.85900068,-0.006263,0.0268,-0.062953,0.154618
20211111,2021.86173854,-0.009123,0.02329,-0.059673,0.154298
20211112,2021.86447639,-0.016523,0.02027,-0.058743,0.154788
20211113,2021.86721424,-0.019523,0.02372,-0.058753,0.157098
20211114,2021.86995209,-0.027513,0.02151,-0.058383,0.155098
20211115,2021.87268994,-0.009903,0.01971,-0.062053,0.155978
20211116,2021.87542779,-0.029033,0.02203,-0.060363,0.156738
20211117,2021.87816564,-0.019883,0.01898,-0.059053,0.156138
20211118,2021.88090349,-0.014443,0.02403,-0.059173,0.155868
20211119,2021.88364134,0.001577,0.02327,-0.060903,0.155298
20211120,2021.88637919,-0.012293,0.01965,-0.059983,0.154958
20211121,2021.88911704,-0.012463,0.02168,-0.058703,0.153598
20211122,2021.89185489,-0.002253,0.024,-0.057423,0.155558
20211123,2021.89459274,-0.023093,0.02772,-0.062783,0.156148
20211124,2021.8973306,-0.016623,0.022,-0.057203,0.157158
20211125,2021.90006845,-0.028003,0.02375,-0.059343,0.154968
20211126,2021.9028063,-0.017313,0.02331,-0.058933,0.158988
20211127,2021.90554415,-0.018473,0.02193,-0.058803,0.157148
20211128,2021.908282,-0.019793,0.02207,-0.060893,0.156168
20211129,2021.91101985,-0.015633,0.0243,-0.058863,0.158868
20211130,2021.9137577,-0.015503,0.02546,-0.057553,0.158368
20211201,2021.91649555,-0.015043,0.02424,-0.057663,0.155908
20211202,2021.9192334,-0.016933,0.02492,-0.054983,0.156258
20211203,2021.92197125,-0.004743,0.02413,-0.056463,0.156858
20211204,2021.9247091,-0.022103,0.02613,-0.055253,0.153508
20211205,2021.92744695,-0.024813,0.02146,-0.056943,0.157698
20211206,2021.9301848,-0.020833,0.02215,-0.057523,0.155658
20211207,2021.93292266,-0.023703,0.02213,-0.058563,0.157108
20211208,2021.93566051,-0.023973,0.02592,-0.058473,0.153728
20211209,2021.93839836,0.001837,0.02939,-0.058263,0.151278
20211210,2021.94113621,-0.026963,0.02684,-0.052233,0.157278
20211211,2021.94387406,-0.029953,0.02873,-0.058403,0.154218
20211212,2021.94661191,-0.009143,0.02465,-0.055413,0.160478
20211213,2021.94934976,-0.024243,0.02632,-0.057513,0.155618
20211214,2021.95208761,-0.018463,0.02817,-0.057163,0.151068
20211215,2021.95482546,-0.002023,0.02192,-0.053313,0.158208
20211216,2021.95756331,-0.016883,0.02168,-0.056573,0.156528
20211217,2021.96030116,-0.012103,0.02192,-0.057703,0.159838
20211218,2021.96303901,0.006737,0.02688,-0.057903,0.156708
20211219,2021.96577687,-0.013913,0.03123,-0.056493,0.154958
20211220,2021.96851472,-0.006403,0.0229,-0.055293,0.156208
20211221,2021.97125257,-0.020123,0.02745,-0.055013,0.159738
20211222,2021.97399042,-0.016493,0.02139,-0.057673,0.154138
20211223,2021.97672827,-0.004843,0.02562,-0.056983,0.158008
20211224,2021.97946612,-0.003213,0.02356,-0.059293,0.159078
20211225,2021.98220397,-0.012963,0.02455,-0.062353,0.155098
20211226,2021.98494182,-0.012553,0.02458,-0.059803,0.159508
20211227,2021.98767967,-0.023823,0.02684,-0.059853,0.160348
20211228,2021.99041752,0.006797,0.03173,-0.056863,0.158968
20211229,2021.99315537,-0.007013,0.02402,-0.059083,0.161888
20211230,2021.99589322,-0.012753,0.02652,-0.059423,0.156538
20211231,2021.99863107,-0.032693,0.0266,-0.058423,0.162258
