transek_id,dist_m,sumber,jenis,nama,tahun_mulai,lebar_m
TRS_CIR_0126,1870.0,dw,dw_built_baru,,2023,20.0
TRS_CIR_0171,1910.0,dw,dw_built_baru,,2025,100.0
TRS_CIR_0171,2210.0,dw,dw_built_baru,,2025,30.0
TRS_CIR_0171,2950.0,dw,dw_built_baru,,2025,20.0
TRS_CIR_0171,2970.0,dw,dw_built_baru,,2024,20.0
TRS_CIR_0171,2990.0,dw,dw_built_baru,,2025,180.0
TRS_CIR_0175,2320.0,dw,dw_built_baru,,2025,90.0
TRS_CIR_0181,1790.0,dw,dw_built_baru,,2023,70.0
TRS_CIR_0181,1860.0,dw,dw_built_baru,,2024,40.0
TRS_CIR_0181,2720.0,dw,dw_built_baru,,2024,50.0
TRS_CIR_0183,2810.0,dw,dw_built_baru,,2025,50.0
TRS_CIR_0186,2900.0,dw,dw_built_baru,,2023,40.0
TRS_CIR_0188,2600.0,dw,dw_built_baru,,2023,20.0
TRS_CIR_0188,2620.0,dw,dw_built_baru,,2024,20.0
TRS_CIR_0190,2100.0,dw,dw_built_baru,,2024,70.0
TRS_CIR_0193,1670.0,dw,dw_built_baru,,2024,70.0
TRS_CIR_0194,1710.0,dw,dw_built_baru,,2024,90.0
TRS_CIR_0194,1800.0,dw,dw_built_baru,,2023,80.0
TRS_CIR_0195,2900.0,dw,dw_built_baru,,2023,30.0
TRS_CIR_0200,1930.0,dw,dw_built_baru,,2025,70.0
TRS_CIR_0208,2670.0,dw,dw_built_baru,,2024,70.0
TRS_CIR_0251,1180.0,dw,dw_built_baru,,2023,70.0
TRS_CIR_0252,2390.0,dw,dw_built_baru,,2023,40.0
TRS_CIR_0253,1600.0,dw,dw_built_baru,,2024,40.0
TRS_CIR_0253,1640.0,dw,dw_built_baru,,2023,20.0
TRS_CIR_0254,1830.0,dw,dw_built_baru,,2023,40.0
TRS_CIR_0254,1880.0,dw,dw_built_baru,,2023,120.0
TRS_CIR_0257,1710.0,dw,dw_built_baru,,2024,70.0
TRS_CIR_0257,2740.0,dw,dw_built_baru,,2024,20.0
TRS_CIR_0257,2760.0,dw,dw_built_baru,,2023,220.0
TRS_CIR_0259,1210.0,dw,dw_built_baru,,2023,20.0
TRS_CIR_0259,1230.0,dw,dw_built_baru,,2024,20.0
TRS_CIR_0261,800.0,dw,dw_built_baru,,2025,30.0
TRS_CIR_0262,2000.0,dw,dw_built_baru,,2024,40.0
TRS_CIR_0262,2480.0,dw,dw_built_baru,,2023,250.0
TRS_CIR_0262,3050.0,dw,dw_built_baru,,2023,20.0
TRS_CIR_0263,2680.0,dw,dw_built_baru,,2023,140.0
TRS_CIR_0263,2820.0,dw,dw_built_baru,,2024,30.0
TRS_CIR_0263,2850.0,dw,dw_built_baru,,2023,70.0
TRS_CIR_0278,640.0,dw,dw_built_baru,,2025,110.0
TRS_CIR_0285,2550.0,dw,dw_built_baru,,2025,30.0
TRS_CIR_0285,2580.0,dw,dw_built_baru,,2024,80.0
TRS_CIR_0285,3430.0,dw,dw_built_baru,,2024,50.0
TRS_CIR_0286,2710.0,dw,dw_built_baru,,2025,30.0
TRS_CIR_0286,2780.0,dw,dw_built_baru,,2024,20.0
TRS_CIR_0286,2800.0,dw,dw_built_baru,,2023,100.0
TRS_CIR_0288,840.0,dw,dw_built_baru,,2025,20.0
TRS_CIR_0289,620.0,dw,dw_built_baru,,2025,20.0
TRS_CIR_0289,2420.0,dw,dw_built_baru,,2024,20.0
TRS_CIR_0289,2990.0,dw,dw_built_baru,,2025,100.0
TRS_CIR_0289,3160.0,dw,dw_built_baru,,2025,30.0
TRS_CIR_0289,3190.0,dw,dw_built_baru,,2024,50.0
TRS_CIR_0289,3240.0,dw,dw_built_baru,,2023,150.0
TRS_CIR_0292,3440.0,dw,dw_built_baru,,2023,30.0
TRS_CIR_0292,3470.0,dw,dw_built_baru,,2022,40.0
TRS_CIR_0293,1590.0,dw,dw_built_baru,,2025,20.0
TRS_CIR_0293,1610.0,dw,dw_built_baru,,2023,20.0
TRS_CIR_0294,2380.0,dw,dw_built_baru,,2022,160.0
TRS_CIR_0299,1880.0,dw,dw_built_baru,,2024,30.0
TRS_CIR_0314,3200.0,dw,dw_built_baru,,2025,20.0
TRS_CIR_0348,3250.0,dw,dw_built_baru,,2023,60.0
TRS_CIR_0348,3310.0,dw,dw_built_baru,,2025,50.0
TRS_CIR_0349,3380.0,dw,dw_built_baru,,2023,30.0
TRS_CIR_0350,2810.0,dw,dw_built_baru,,2024,30.0
TRS_JPR_0046,1140.0,dw,dw_built_baru,,2023,40.0
TRS_JPR_0054,3130.0,dw,dw_built_baru,,2024,60.0
TRS_JPR_0061,2750.0,dw,dw_built_baru,,2024,20.0
TRS_JPR_0067,2560.0,dw,dw_built_baru,,2025,20.0
TRS_JPR_0078,2270.0,dw,dw_built_baru,,2025,20.0
TRS_JPR_0104,1560.0,dw,dw_built_baru,,2025,20.0
TRS_JPR_0113,2340.0,dw,dw_built_baru,,2024,210.0
TRS_JPR_0114,3470.0,dw,dw_built_baru,,2025,20.0
TRS_JPR_0116,2530.0,dw,dw_built_baru,,2025,20.0
TRS_JPR_0119,2950.0,dw,dw_built_baru,,2025,30.0
TRS_JPR_0119,3070.0,dw,dw_built_baru,,2022,80.0
TRS_JPR_0120,3220.0,dw,dw_built_baru,,2025,40.0
TRS_JPR_0131,3110.0,dw,dw_built_baru,,2024,20.0
TRS_JPR_0140,610.0,dw,dw_built_baru,,2025,60.0
TRS_JPR_0140,760.0,dw,dw_built_baru,,2025,70.0
TRS_JPR_0140,1190.0,dw,dw_built_baru,,2025,30.0
TRS_JPR_0152,580.0,dw,dw_built_baru,,2023,80.0
TRS_JPR_0156,940.0,dw,dw_built_baru,,2023,50.0
TRS_JPR_0156,1680.0,dw,dw_built_baru,,2025,20.0
TRS_JPR_0159,670.0,dw,dw_built_baru,,2025,30.0
TRS_JPR_0159,700.0,dw,dw_built_baru,,2024,120.0
TRS_JPR_0175,2200.0,dw,dw_built_baru,,2024,30.0
TRS_JPR_0175,2240.0,dw,dw_built_baru,,2024,20.0
TRS_PKL_0041,2700.0,dw,dw_built_baru,,2024,20.0
TRS_PKL_0041,3180.0,dw,dw_built_baru,,2025,20.0
TRS_PKL_0041,3200.0,dw,dw_built_baru,,2023,30.0
TRS_PKL_0041,3370.0,dw,dw_built_baru,,2023,110.0
TRS_PKL_0048,600.0,dw,dw_built_baru,,2024,20.0
TRS_PKL_0048,1150.0,dw,dw_built_baru,,2024,60.0
TRS_PKL_0049,1900.0,dw,dw_built_baru,,2025,30.0
TRS_PKL_0053,580.0,dw,dw_built_baru,,2022,90.0
TRS_PKL_0059,1700.0,dw,dw_built_baru,,2022,20.0
TRS_PKL_0060,2430.0,dw,dw_built_baru,,2022,30.0
TRS_PKL_0064,950.0,dw,dw_built_baru,,2024,40.0
TRS_PKL_0068,2870.0,dw,dw_built_baru,,2025,50.0
TRS_PKL_0079,510.0,dw,dw_built_baru,,2023,70.0
TRS_PKL_0082,3000.0,dw,dw_built_baru,,2024,110.0
TRS_PKL_0083,3150.0,dw,dw_built_baru,,2025,130.0
TRS_PKL_0087,1330.0,dw,dw_built_baru,,2024,30.0
TRS_PKL_0087,3320.0,dw,dw_built_baru,,2023,50.0
TRS_PKL_0097,2320.0,dw,dw_built_baru,,2024,40.0
TRS_PKL_0239,1740.0,dw,dw_built_baru,,2024,20.0
TRS_PKL_0241,3450.0,dw,dw_built_baru,,2024,20.0
TRS_PKL_0245,910.0,dw,dw_built_baru,,2023,20.0
TRS_PKL_0246,2650.0,dw,dw_built_baru,,2025,20.0
TRS_PKL_0248,2260.0,dw,dw_built_baru,,2025,100.0
TRS_PKL_0252,3420.0,dw,dw_built_baru,,2025,30.0
TRS_PKL_0255,2640.0,dw,dw_built_baru,,2024,50.0
TRS_PKL_0259,2090.0,dw,dw_built_baru,,2024,20.0
TRS_PKL_0259,2110.0,dw,dw_built_baru,,2025,60.0
TRS_PKL_0259,2250.0,dw,dw_built_baru,,2025,340.0
TRS_PKL_0260,1270.0,dw,dw_built_baru,,2024,20.0
TRS_PKL_0261,1010.0,dw,dw_built_baru,,2023,70.0
TRS_PKL_0261,1080.0,dw,dw_built_baru,,2024,70.0
TRS_PKL_0262,1130.0,dw,dw_built_baru,,2025,80.0
TRS_PKL_0262,1800.0,dw,dw_built_baru,,2025,110.0
TRS_PKL_0263,1430.0,dw,dw_built_baru,,2024,80.0
TRS_PKL_0264,1820.0,dw,dw_built_baru,,2025,80.0
TRS_PKL_0265,1410.0,dw,dw_built_baru,,2024,90.0
TRS_PKL_0265,1500.0,dw,dw_built_baru,,2025,340.0
TRS_PKL_0273,610.0,dw,dw_built_baru,,2023,20.0
TRS_SBY_0050,2770.0,dw,dw_built_baru,,2025,130.0
TRS_SBY_0051,1970.0,dw,dw_built_baru,,2024,30.0
TRS_SBY_0051,2000.0,dw,dw_built_baru,,2025,100.0
TRS_SBY_0051,2120.0,dw,dw_built_baru,,2025,100.0
TRS_SBY_0051,2390.0,dw,dw_built_baru,,2024,20.0
TRS_SBY_0051,2410.0,dw,dw_built_baru,,2023,150.0
TRS_SBY_0052,1480.0,dw,dw_built_baru,,2025,30.0
TRS_SBY_0052,1550.0,dw,dw_built_baru,,2025,50.0
TRS_SBY_0052,1890.0,dw,dw_built_baru,,2024,20.0
TRS_SBY_0053,1810.0,dw,dw_built_baru,,2025,50.0
TRS_SBY_0056,3000.0,dw,dw_built_baru,,2024,20.0
TRS_SBY_0056,3020.0,dw,dw_built_baru,,2023,50.0
TRS_SBY_0056,3070.0,dw,dw_built_baru,,2024,40.0
TRS_SBY_0057,2950.0,dw,dw_built_baru,,2024,120.0
TRS_SBY_0057,3070.0,dw,dw_built_baru,,2023,150.0
TRS_SBY_0057,3220.0,dw,dw_built_baru,,2022,30.0
TRS_SBY_0059,2630.0,dw,dw_built_baru,,2024,270.0
TRS_SBY_0061,2910.0,dw,dw_built_baru,,2024,220.0
TRS_SBY_0072,2910.0,dw,dw_built_baru,,2025,470.0
TRS_SBY_0073,2910.0,dw,dw_built_baru,,2025,260.0
TRS_SBY_0073,3340.0,dw,dw_built_baru,,2025,170.0
TRS_SBY_0105,3460.0,dw,dw_built_baru,,2024,50.0
TRS_SBY_0106,3240.0,dw,dw_built_baru,,2025,80.0
TRS_SBY_0121,2160.0,dw,dw_built_baru,,2023,30.0
TRS_SBY_0121,2190.0,dw,dw_built_baru,,2022,90.0
TRS_SBY_0121,2280.0,dw,dw_built_baru,,2023,40.0
TRS_SBY_0126,1610.0,dw,dw_built_baru,,2023,60.0
TRS_SBY_0134,1330.0,dw,dw_built_baru,,2024,20.0
TRS_SBY_0142,870.0,dw,dw_built_baru,,2025,20.0
TRS_SBY_0158,2280.0,dw,dw_built_baru,,2023,90.0
TRS_SBY_0189,890.0,dw,dw_built_baru,,2022,40.0
TRS_SBY_0192,3210.0,dw,dw_built_baru,,2025,70.0
TRS_SBY_0205,1260.0,dw,dw_built_baru,,2025,90.0
TRS_SBY_0215,2460.0,dw,dw_built_baru,,2023,60.0
TRS_SBY_0218,1890.0,dw,dw_built_baru,,2022,50.0
TRS_SBY_0218,2930.0,dw,dw_built_baru,,2023,80.0
TRS_SBY_0222,1570.0,dw,dw_built_baru,,2023,60.0
TRS_SBY_0226,520.0,dw,dw_built_baru,,2023,30.0
TRS_SBY_0245,1190.0,dw,dw_built_baru,,2025,20.0
TRS_SBY_0245,1220.0,dw,dw_built_baru,,2025,20.0
TRS_SBY_0245,1650.0,dw,dw_built_baru,,2025,90.0
TRS_SBY_0246,680.0,dw,dw_built_baru,,2024,20.0
TRS_SBY_0250,2200.0,dw,dw_built_baru,,2024,20.0
TRS_SBY_0260,700.0,dw,dw_built_baru,,2025,340.0
TRS_SBY_0271,550.0,dw,dw_built_baru,,2024,30.0
TRS_SBY_0271,580.0,dw,dw_built_baru,,2025,70.0
TRS_SBY_0271,2480.0,dw,dw_built_baru,,2025,80.0
TRS_SBY_0271,2560.0,dw,dw_built_baru,,2024,70.0
TRS_SBY_0271,2930.0,dw,dw_built_baru,,2024,90.0
TRS_SBY_0272,2730.0,dw,dw_built_baru,,2025,80.0
TRS_SBY_0273,2320.0,dw,dw_built_baru,,2025,170.0
TRS_SBY_0273,2550.0,dw,dw_built_baru,,2025,30.0
TRS_SBY_0273,2810.0,dw,dw_built_baru,,2025,20.0
TRS_SBY_0273,3190.0,dw,dw_built_baru,,2024,30.0
TRS_SBY_0274,1570.0,dw,dw_built_baru,,2024,160.0
TRS_SBY_0275,2000.0,dw,dw_built_baru,,2025,30.0
TRS_SBY_0275,2310.0,dw,dw_built_baru,,2025,70.0
TRS_SBY_0275,2380.0,dw,dw_built_baru,,2023,30.0
TRS_SBY_0275,2420.0,dw,dw_built_baru,,2025,30.0
TRS_SBY_0275,2450.0,dw,dw_built_baru,,2023,30.0
TRS_SBY_0275,2490.0,dw,dw_built_baru,,2025,30.0
TRS_SBY_0275,2520.0,dw,dw_built_baru,,2023,60.0
TRS_SBY_0275,2580.0,dw,dw_built_baru,,2024,60.0
TRS_SBY_0276,2320.0,dw,dw_built_baru,,2023,410.0
TRS_SBY_0276,2730.0,dw,dw_built_baru,,2024,30.0
TRS_SBY_0276,2800.0,dw,dw_built_baru,,2024,110.0
TRS_SBY_0276,2910.0,dw,dw_built_baru,,2023,110.0
TRS_SBY_0276,3070.0,dw,dw_built_baru,,2023,250.0
TRS_SBY_0276,3330.0,dw,dw_built_baru,,2024,20.0
TRS_SBY_0277,2310.0,dw,dw_built_baru,,2022,120.0
TRS_SBY_0277,2480.0,dw,dw_built_baru,,2024,100.0
TRS_SBY_0277,2780.0,dw,dw_built_baru,,2024,60.0
TRS_SBY_0277,2840.0,dw,dw_built_baru,,2023,30.0
TRS_SBY_0277,2880.0,dw,dw_built_baru,,2023,40.0
TRS_SBY_0277,2990.0,dw,dw_built_baru,,2023,20.0
TRS_SBY_0277,3130.0,dw,dw_built_baru,,2022,110.0
TRS_SBY_0277,3250.0,dw,dw_built_baru,,2022,40.0
TRS_SBY_0277,3300.0,dw,dw_built_baru,,2024,20.0
TRS_SBY_0277,3330.0,dw,dw_built_baru,,2024,110.0
TRS_SBY_0277,3440.0,dw,dw_built_baru,,2023,60.0
TRS_SBY_0278,1440.0,dw,dw_built_baru,,2024,230.0
TRS_SBY_0278,1670.0,dw,dw_built_baru,,2022,50.0
TRS_SBY_0278,1720.0,dw,dw_built_baru,,2024,30.0
TRS_SBY_0278,1770.0,dw,dw_built_baru,,2024,30.0
TRS_SBY_0278,1820.0,dw,dw_built_baru,,2023,260.0
TRS_SBY_0278,2080.0,dw,dw_built_baru,,2024,390.0
TRS_SBY_0279,1920.0,dw,dw_built_baru,,2025,60.0
TRS_SBY_0279,1990.0,dw,dw_built_baru,,2025,20.0
TRS_SBY_0279,2010.0,dw,dw_built_baru,,2024,20.0
TRS_SBY_0279,2030.0,dw,dw_built_baru,,2025,60.0
TRS_SBY_0296,680.0,dw,dw_built_baru,,2025,40.0
TRS_SBY_0327,3440.0,dw,dw_built_baru,,2025,20.0
TRS_SBY_0470,1300.0,dw,dw_built_baru,,2024,20.0
TRS_SBY_0470,1360.0,dw,dw_built_baru,,2024,130.0
TRS_SBY_0470,1490.0,dw,dw_built_baru,,2023,50.0
TRS_SBY_0470,1540.0,dw,dw_built_baru,,2024,20.0
TRS_SBY_0473,1050.0,dw,dw_built_baru,,2024,30.0
TRS_SBY_0485,880.0,dw,dw_built_baru,,2023,60.0
TRS_SBY_0511,2890.0,dw,dw_built_baru,,2022,30.0
TRS_SBY_0516,1130.0,dw,dw_built_baru,,2025,20.0
TRS_SBY_0517,1460.0,dw,dw_built_baru,,2024,40.0
TRS_SBY_0540,2600.0,dw,dw_built_baru,,2024,40.0
TRS_SBY_0581,2110.0,dw,dw_built_baru,,2025,20.0
TRS_SBY_0581,2130.0,dw,dw_built_baru,,2024,30.0
TRS_SBY_0586,1040.0,dw,dw_built_baru,,2022,20.0
TRS_SBY_0600,3210.0,dw,dw_built_baru,,2025,40.0
TRS_SBY_0664,1690.0,dw,dw_built_baru,,2025,30.0
TRS_SBY_0670,1230.0,dw,dw_built_baru,,2025,20.0
TRS_SBY_0680,1990.0,dw,dw_built_baru,,2024,20.0
TRS_SBY_0693,1960.0,dw,dw_built_baru,,2024,30.0
TRS_SBY_0714,2570.0,dw,dw_built_baru,,2023,50.0
TRS_SBY_0715,1490.0,dw,dw_built_baru,,2024,20.0
TRS_SBY_0715,1510.0,dw,dw_built_baru,,2025,30.0
TRS_SBY_0716,1170.0,dw,dw_built_baru,,2024,110.0
TRS_SBY_0716,1280.0,dw,dw_built_baru,,2023,20.0
TRS_SBY_0716,1760.0,dw,dw_built_baru,,2024,20.0
TRS_SBY_0750,1160.0,dw,dw_built_baru,,2022,50.0
TRS_SBY_0760,3420.0,dw,dw_built_baru,,2024,60.0
TRS_SBY_0762,3130.0,dw,dw_built_baru,,2025,30.0
TRS_SBY_0762,3160.0,dw,dw_built_baru,,2023,40.0
TRS_SBY_0764,2730.0,dw,dw_built_baru,,2023,20.0
TRS_SBY_0770,700.0,dw,dw_built_baru,,2025,180.0
TRS_SBY_0770,880.0,dw,dw_built_baru,,2024,40.0
TRS_SBY_0775,690.0,dw,dw_built_baru,,2025,20.0
TRS_SBY_0778,3160.0,dw,dw_built_baru,,2025,20.0
TRS_SBY_0779,970.0,dw,dw_built_baru,,2025,20.0
TRS_SBY_0780,1420.0,dw,dw_built_baru,,2024,30.0
TRS_SBY_0780,1450.0,dw,dw_built_baru,,2023,120.0
TRS_SBY_0782,920.0,dw,dw_built_baru,,2025,40.0
TRS_SBY_0791,1270.0,dw,dw_built_baru,,2024,90.0
TRS_SBY_0793,1120.0,dw,dw_built_baru,,2023,60.0
TRS_SBY_0793,1820.0,dw,dw_built_baru,,2023,20.0
TRS_SBY_0812,620.0,dw,dw_built_baru,,2023,60.0
TRS_SBY_0824,1840.0,dw,dw_built_baru,,2025,40.0
TRS_SBY_0837,2220.0,dw,dw_built_baru,,2023,20.0
TRS_SBY_0840,2900.0,dw,dw_built_baru,,2025,20.0
TRS_SBY_0840,2980.0,dw,dw_built_baru,,2023,40.0
TRS_SBY_0864,620.0,dw,dw_built_baru,,2024,30.0
TRS_SBY_0864,650.0,dw,dw_built_baru,,2023,110.0
TRS_SBY_0866,2620.0,dw,dw_built_baru,,2025,160.0
TRS_SBY_0898,2070.0,dw,dw_built_baru,,2023,40.0
TRS_SBY_0900,2850.0,dw,dw_built_baru,,2024,30.0
TRS_SBY_0907,700.0,dw,dw_built_baru,,2022,90.0
TRS_SBY_0907,790.0,dw,dw_built_baru,,2024,30.0
TRS_SBY_0911,2240.0,dw,dw_built_baru,,2023,60.0
TRS_SBY_0914,1410.0,dw,dw_built_baru,,2022,50.0
TRS_SBY_0914,1500.0,dw,dw_built_baru,,2024,180.0
TRS_SBY_0914,1680.0,dw,dw_built_baru,,2025,60.0
TRS_SBY_0915,1410.0,dw,dw_built_baru,,2023,170.0
TRS_SBY_0915,1580.0,dw,dw_built_baru,,2024,80.0
TRS_SBY_0915,1660.0,dw,dw_built_baru,,2025,40.0
TRS_SBY_0915,1790.0,dw,dw_built_baru,,2025,80.0
TRS_SBY_0916,1480.0,dw,dw_built_baru,,2023,80.0
TRS_SBY_0916,1560.0,dw,dw_built_baru,,2024,80.0
TRS_SBY_0916,1740.0,dw,dw_built_baru,,2025,150.0
TRS_SBY_0935,3160.0,dw,dw_built_baru,,2023,60.0
TRS_SBY_0943,3290.0,dw,dw_built_baru,,2024,20.0
TRS_SBY_0974,3450.0,dw,dw_built_baru,,2025,20.0
TRS_SBY_1010,950.0,dw,dw_built_baru,,2023,20.0
TRS_SBY_1010,970.0,dw,dw_built_baru,,2022,30.0
TRS_SBY_1010,1000.0,dw,dw_built_baru,,2023,20.0
TRS_SBY_1051,1290.0,dw,dw_built_baru,,2023,20.0
TRS_SBY_1052,1260.0,dw,dw_built_baru,,2024,40.0
TRS_SBY_1052,1330.0,dw,dw_built_baru,,2025,30.0
TRS_SBY_1074,2010.0,dw,dw_built_baru,,2025,20.0
TRS_SBY_1084,3050.0,dw,dw_built_baru,,2024,20.0
TRS_SBY_1101,1390.0,dw,dw_built_baru,,2025,40.0
TRS_SBY_1103,1820.0,dw,dw_built_baru,,2025,70.0
TRS_SBY_1103,1890.0,dw,dw_built_baru,,2024,40.0
TRS_SBY_1108,3490.0,dw,dw_built_baru,,2025,20.0
TRS_SBY_1109,3050.0,dw,dw_built_baru,,2024,80.0
TRS_SBY_1110,1600.0,dw,dw_built_baru,,2024,20.0
TRS_SBY_1113,1960.0,dw,dw_built_baru,,2025,40.0
TRS_SBY_1113,2000.0,dw,dw_built_baru,,2024,30.0
TRS_SBY_1118,1860.0,dw,dw_built_baru,,2024,20.0
TRS_SBY_1138,1340.0,dw,dw_built_baru,,2025,20.0
TRS_SBY_1139,1000.0,dw,dw_built_baru,,2025,20.0
TRS_SBY_1145,3460.0,dw,dw_built_baru,,2024,20.0
TRS_SBY_1146,3140.0,dw,dw_built_baru,,2025,40.0
TRS_SBY_1150,1080.0,dw,dw_built_baru,,2024,50.0
TRS_SBY_1150,2240.0,dw,dw_built_baru,,2023,40.0
TRS_SBY_1158,800.0,dw,dw_built_baru,,2025,20.0
TRS_SBY_1158,820.0,dw,dw_built_baru,,2024,20.0
TRS_SEM_0005,1030.0,dw,dw_built_baru,,2024,40.0
TRS_SEM_0007,3240.0,dw,dw_built_baru,,2024,40.0
TRS_SEM_0009,1990.0,dw,dw_built_baru,,2024,100.0
TRS_SEM_0017,1200.0,dw,dw_built_baru,,2025,90.0
TRS_SEM_0128,890.0,dw,dw_built_baru,,2025,70.0
TRS_SEM_0129,2020.0,dw,dw_built_baru,,2025,80.0
TRS_SEM_0130,790.0,dw,dw_built_baru,,2024,60.0
TRS_SEM_0141,730.0,dw,dw_built_baru,,2022,50.0
TRS_SEM_0142,910.0,dw,dw_built_baru,,2024,20.0
TRS_SEM_0148,2280.0,dw,dw_built_baru,,2023,20.0
TRS_SEM_0150,1130.0,dw,dw_built_baru,,2024,110.0
TRS_SEM_0150,1690.0,dw,dw_built_baru,,2024,20.0
TRS_SEM_0158,1510.0,dw,dw_built_baru,,2023,80.0
TRS_SEM_0159,2550.0,dw,dw_built_baru,,2025,20.0
TRS_SEM_0180,2710.0,dw,dw_built_baru,,2022,130.0
TRS_SEM_0183,1530.0,dw,dw_built_baru,,2025,20.0
TRS_SEM_0185,1080.0,dw,dw_built_baru,,2025,240.0
TRS_SEM_0186,1300.0,dw,dw_built_baru,,2025,40.0
TRS_SEM_0189,890.0,dw,dw_built_baru,,2025,50.0
TRS_SEM_0189,1640.0,dw,dw_built_baru,,2024,110.0
TRS_SEM_0192,3200.0,dw,dw_built_baru,,2024,70.0
TRS_SEM_0203,890.0,dw,dw_built_baru,,2025,210.0
TRS_SEM_0203,1100.0,dw,dw_built_baru,,2024,70.0
TRS_SEM_0204,970.0,dw,dw_built_baru,,2025,20.0
TRS_SEM_0204,1000.0,dw,dw_built_baru,,2023,160.0
TRS_SEM_0204,1160.0,dw,dw_built_baru,,2024,30.0
TRS_SEM_0204,2170.0,dw,dw_built_baru,,2025,110.0
TRS_SEM_0207,730.0,dw,dw_built_baru,,2022,20.0
TRS_SEM_0207,1190.0,dw,dw_built_baru,,2023,140.0
TRS_SEM_0208,1350.0,dw,dw_built_baru,,2025,30.0
TRS_SEM_0208,3060.0,dw,dw_built_baru,,2024,30.0
TRS_SEM_0210,2890.0,dw,dw_built_baru,,2023,30.0
TRS_SEM_0231,2320.0,dw,dw_built_baru,,2024,110.0
TRS_SEM_0232,2710.0,dw,dw_built_baru,,2025,80.0
TRS_SEM_0234,920.0,dw,dw_built_baru,,2022,20.0
TRS_SEM_0235,1360.0,dw,dw_built_baru,,2025,230.0
TRS_SEM_0236,1260.0,dw,dw_built_baru,,2024,20.0
TRS_SEM_0236,1280.0,dw,dw_built_baru,,2022,250.0
TRS_SEM_0236,1560.0,dw,dw_built_baru,,2024,140.0
TRS_SEM_0236,2060.0,dw,dw_built_baru,,2025,20.0
TRS_SEM_0236,2190.0,dw,dw_built_baru,,2024,240.0
TRS_SEM_0236,2590.0,dw,dw_built_baru,,2023,50.0
TRS_SEM_0236,2640.0,dw,dw_built_baru,,2025,120.0
TRS_SEM_0236,2810.0,dw,dw_built_baru,,2025,90.0
TRS_SEM_0237,1250.0,dw,dw_built_baru,,2024,40.0
TRS_SEM_0237,1290.0,dw,dw_built_baru,,2023,110.0
TRS_SEM_0237,1400.0,dw,dw_built_baru,,2022,290.0
TRS_SEM_0237,1690.0,dw,dw_built_baru,,2024,20.0
TRS_SEM_0237,1710.0,dw,dw_built_baru,,2025,20.0
TRS_SEM_0237,2060.0,dw,dw_built_baru,,2023,30.0
TRS_SEM_0237,2680.0,dw,dw_built_baru,,2025,70.0
TRS_SEM_0237,2760.0,dw,dw_built_baru,,2025,20.0
TRS_SEM_0238,570.0,dw,dw_built_baru,,2025,30.0
TRS_SEM_0238,700.0,dw,dw_built_baru,,2025,380.0
TRS_SEM_0238,1080.0,dw,dw_built_baru,,2024,520.0
TRS_SEM_0238,1600.0,dw,dw_built_baru,,2025,50.0
TRS_SEM_0238,1700.0,dw,dw_built_baru,,2025,130.0
TRS_SEM_0238,1830.0,dw,dw_built_baru,,2024,110.0
TRS_SEM_0238,2320.0,dw,dw_built_baru,,2024,280.0
TRS_SEM_0238,2620.0,dw,dw_built_baru,,2023,90.0
TRS_SEM_0238,2730.0,dw,dw_built_baru,,2024,50.0
TRS_SEM_0238,2780.0,dw,dw_built_baru,,2025,190.0
TRS_SEM_0238,3040.0,dw,dw_built_baru,,2025,40.0
TRS_SEM_0238,3090.0,dw,dw_built_baru,,2023,160.0
TRS_SEM_0238,3250.0,dw,dw_built_baru,,2024,150.0
TRS_SEM_0239,730.0,dw,dw_built_baru,,2025,550.0
TRS_SEM_0239,1290.0,dw,dw_built_baru,,2024,20.0
TRS_SEM_0239,1310.0,dw,dw_built_baru,,2023,250.0
TRS_SEM_0239,1560.0,dw,dw_built_baru,,2022,40.0
TRS_SEM_0239,1600.0,dw,dw_built_baru,,2023,30.0
TRS_SEM_0239,1630.0,dw,dw_built_baru,,2022,210.0
TRS_SEM_0239,2370.0,dw,dw_built_baru,,2025,220.0
TRS_SEM_0239,2670.0,dw,dw_built_baru,,2024,70.0
TRS_SEM_0239,2740.0,dw,dw_built_baru,,2025,140.0
TRS_SEM_0240,870.0,dw,dw_built_baru,,2025,210.0
TRS_SEM_0240,1080.0,dw,dw_built_baru,,2024,70.0
TRS_SEM_0240,1310.0,dw,dw_built_baru,,2024,180.0
TRS_SEM_0240,1490.0,dw,dw_built_baru,,2022,40.0
TRS_SEM_0240,1550.0,dw,dw_built_baru,,2024,50.0
TRS_SEM_0240,1680.0,dw,dw_built_baru,,2022,60.0
TRS_SEM_0240,2260.0,dw,dw_built_baru,,2024,420.0
TRS_SEM_0240,2680.0,dw,dw_built_baru,,2025,70.0
TRS_SEM_0241,870.0,dw,dw_built_baru,,2025,70.0
TRS_SEM_0241,1090.0,dw,dw_built_baru,,2025,100.0
TRS_SEM_0241,1190.0,dw,dw_built_baru,,2024,420.0
TRS_SEM_0241,1610.0,dw,dw_built_baru,,2022,30.0
TRS_SEM_0241,2400.0,dw,dw_built_baru,,2025,300.0
TRS_SEM_0242,1960.0,dw,dw_built_baru,,2024,20.0
TRS_SEM_0243,840.0,dw,dw_built_baru,,2025,40.0
TRS_SEM_0243,880.0,dw,dw_built_baru,,2024,50.0
TRS_SEM_0243,990.0,dw,dw_built_baru,,2024,250.0
TRS_SEM_0243,1420.0,dw,dw_built_baru,,2024,210.0
TRS_SEM_0243,1630.0,dw,dw_built_baru,,2025,400.0
TRS_SEM_0244,890.0,dw,dw_built_baru,,2025,20.0
TRS_SEM_0244,910.0,dw,dw_built_baru,,2024,340.0
TRS_SEM_0244,1250.0,dw,dw_built_baru,,2025,30.0
TRS_SEM_0244,1280.0,dw,dw_built_baru,,2024,70.0
TRS_SEM_0244,1350.0,dw,dw_built_baru,,2025,120.0
TRS_SEM_0244,1500.0,dw,dw_built_baru,,2025,260.0
TRS_SEM_0244,2130.0,dw,dw_built_baru,,2025,50.0
TRS_SEM_0244,2600.0,dw,dw_built_baru,,2022,100.0
TRS_SEM_0244,2710.0,dw,dw_built_baru,,2025,40.0
TRS_SEM_0244,3260.0,dw,dw_built_baru,,2025,20.0
TRS_SEM_0245,900.0,dw,dw_built_baru,,2025,40.0
TRS_SEM_0245,950.0,dw,dw_built_baru,,2025,20.0
TRS_SEM_0263,3350.0,dw,dw_built_baru,,2023,40.0
