Provinsi/Kabupaten/Kota/Indonesia,,,,,,,,,,,,,,,,,
,Jumlah Penduduk menurut Kabupaten/Kota dan Kelompok Umur,,,,,,,,,,,,,,,,
,TOTAL,0-4,5-9,10-14,15-19,20-24,25-29,30-34,35-39,40-44,45-49,50-54,55-59,60-64,65-69,70-74,75+
,2024,2024,2024,2024,2024,2024,2024,2024,2024,2024,2024,2024,2024,2024,2024,2024,2024
ACEH,5554815,506039,486980,483384,481688,471943,462094,443802,423467,389415,351094,299850,243024,190534,137667,91963,91871
Simeulue,98633,9539,8293,8299,8916,9556,8462,7629,7255,7013,6193,4941,4169,3278,2313,1434,1343
Aceh Singkil,135684,14916,13478,13351,13093,13157,11943,10402,9387,8948,7667,6119,4620,3552,2317,1550,1184
Aceh Selatan,241994,21030,18363,18297,18301,21222,22199,19395,17573,16495,15962,14791,12259,9707,6970,4513,4917
Aceh Tenggara,234430,23209,19702,21945,21665,21814,20807,18860,16625,15287,14098,11547,9556,7280,5633,3419,2983
Aceh Timur,443638,40901,43946,42612,42307,40633,36301,34625,33405,29238,25557,21786,17163,13744,9595,6415,5410
Aceh Tengah,226744,21050,20658,20409,19225,19453,18865,17015,16125,15516,15318,13003,9975,7557,5259,3471,3845
Aceh Barat,206822,17471,16588,16932,17222,15618,16311,16455,15915,15382,14403,12849,10646,8074,5608,3634,3714
Aceh Besar,428254,36243,38886,38566,38950,32437,31784,34310,33764,31756,27716,24131,19134,15040,10209,7375,7953
Pidie,452547,39551,35700,36268,38356,38266,37548,37479,35401,31753,28827,24499,19789,15959,12558,9603,10990
Bireuen,459073,42834,40397,39415,38153,38531,37916,36889,34524,30865,28061,24930,20714,16124,12174,8806,8740
Aceh Utara,631984,56665,57264,55079,55109,56874,54357,51287,48295,41114,37467,32464,26727,21082,15613,10831,11756
Aceh Barat Daya,159187,14006,13063,12340,12330,12985,14076,13326,12384,12057,10779,9033,7685,5998,4121,2507,2497
Gayo Lues,106791,11063,9733,9932,9189,9127,9672,9115,8459,7565,6390,5131,4026,2865,2064,1129,1331
Aceh Tamiang,309039,27776,26012,27025,27427,27441,26119,23376,22103,21711,19753,17170,14303,11627,8484,4915,3797
Nagan Raya,176429,15289,14221,14229,14143,13933,14658,13980,13440,13205,12603,10431,8210,6521,5094,3042,3430
Aceh Jaya,99200,10000,8762,8904,9056,6771,7510,7855,7913,7605,6453,5370,4313,3198,2261,1330,1899
Bener Meriah,172036,15720,16008,16208,15118,14024,13678,12845,12827,12518,12252,9649,6973,5398,3766,2466,2586
Pidie Jaya,166467,15225,13977,13407,13714,14321,13819,13226,13171,11718,10514,8726,7090,5654,4428,3439,4038
Kota Banda Aceh,265019,22609,25023,23844,22651,17943,20106,22694,23647,20834,16999,14439,11870,9200,6024,3978,3158
Kota Sabang,43470,3896,3887,3887,3815,3474,2960,3147,3414,3515,3109,2444,1789,1406,1092,841,794
Kota Langsa,197909,17371,15427,15474,16164,17234,16744,16126,15848,14894,12720,11272,9532,7607,5464,3354,2678
Kota Lhokseumawe,200403,18259,17229,17101,17620,17562,16637,15835,15106,14034,13090,11023,9270,7371,5150,3011,2105
Kota Subulussalam,99062,11416,10363,9860,9164,9567,9622,7931,6886,6392,5163,4102,3211,2292,1470,900,723
SUMATERA UTARA,15588525,1428082,1368995,1349049,1319203,1299931,1296079,1232756,1150008,1062675,971298,851803,721954,580759,434403,285329,236201
Nias,155629,17158,12849,16413,16938,15652,14014,11532,11462,9217,8203,5964,4430,3803,3172,2272,2550
Mandailing Natal,505360,53606,50163,48430,46708,43040,41284,39870,36713,30074,27243,23534,20398,17112,12752,8197,6236
Tapanuli Selatan,316486,29969,30829,30582,30227,27819,27162,24575,22081,18615,16879,14978,13266,11497,8560,5326,4121
Tapanuli Tengah,394910,40945,30776,34896,37012,37799,35568,32955,30527,25020,21729,18503,15274,12389,9371,6346,5800
Tapanuli Utara,326993,29730,31516,31555,32270,30545,25282,21599,20034,18827,17719,15697,13914,12498,10416,7826,7565
Toba Samosir / Toba,216720,20766,20514,20307,20495,19636,15524,13921,13444,13635,12663,11253,9760,7838,6492,5166,5306
Labuhan Batu,520545,48659,47296,47347,45937,45874,44279,43504,39385,36081,32031,26737,21294,16943,12139,7436,5603
Asahan,813720,76391,74382,70395,68309,68090,68465,64638,58511,55416,49876,43831,37471,30528,22751,14116,10550
Simalungun,1051845,89411,82418,83942,86406,86909,86499,84604,78338,73270,65291,58543,51191,43730,35490,24604,21199
Dairi,330586,33869,29166,30813,31566,30885,28688,23531,20591,18987,18233,15831,14220,11948,9939,6733,5586
Karo,426471,35509,35427,35946,36245,35608,35182,32547,29800,28836,28262,25657,21002,16137,12066,9016,9231
Deli Serdang,2048480,174998,185709,178546,167463,160266,170934,164008,152532,145190,134689,121079,101523,78092,55889,34713,22849
Langkat,1078676,101364,90378,86672,75519,80612,89661,87566,83037,78589,72723,64743,55187,44738,32764,20327,14796
Nias Selatan,389957,46081,29115,32843,40425,41917,40450,32888,27058,21867,20685,16735,14026,10227,7205,4342,4093
Humbang Hasundutan,207076,19853,20140,21198,21566,20246,15536,12559,11834,11734,11225,9747,8486,7142,5635,4497,5678
Pakpak Bharat,56212,6993,6148,5325,5149,5102,4847,4094,3649,3441,3107,2416,1908,1411,1057,769,796
Samosir,143071,13397,13883,13785,13834,13528,11247,9613,8627,8229,7518,6458,5976,5245,4618,3523,3590
Serdang Bedagai,691638,61157,62430,61450,58669,53741,54329,52922,50586,48688,43487,38703,33841,28016,20895,13089,9635
Batu Bara,437360,45419,44281,35365,32726,32665,36496,36525,32172,29835,26653,23214,20063,16412,12134,7867,5533
Padang Lawas Utara,280595,29543,27194,29828,28508,25069,22825,21658,20668,17938,15815,12516,10084,7439,5317,3322,2871
Padang Lawas,280764,32127,27378,28303,25368,24216,25256,22888,21070,17096,15198,12543,10225,7988,5483,3267,2358
Labuhan Batu Selatan,336577,34653,32406,32754,31244,28723,27692,27525,25572,23110,20461,16914,13742,10061,6417,3348,1955
Labuhan Batu Utara,408749,41372,38114,37771,36576,36168,35277,33937,30881,26882,23869,19607,16078,13002,9398,5828,3989
Nias Utara,158676,18492,12518,15074,16870,17400,14384,11941,11174,9201,8394,6466,4979,4001,3183,2222,2377
Nias Barat,97251,12093,8796,9803,10363,10162,8779,6728,6745,5367,4825,3540,2956,2524,2075,1462,1033
Kota Sibolga,91747,8636,8152,7774,8025,7855,7738,7246,6824,6452,5932,4897,3964,3161,2441,1548,1102
Kota Tanjung Balai,185647,17692,18056,16135,16081,16288,16590,15171,13377,11980,10980,9646,7869,6249,4333,2911,2289
Kota Pematang Siantar,277054,22057,22168,21749,22284,23593,22410,21355,19326,18553,17115,16189,14746,12368,9530,6674,6937
Kota Tebing Tinggi,180977,15586,15700,15528,14222,13481,14532,14561,13551,12797,11381,10212,9071,7893,5885,3687,2890
Kota Medan,2486283,185978,197574,189587,185346,190209,197159,199649,197284,190358,176751,158844,133371,104744,78281,52993,48155
Kota Binjai,307170,26251,27661,24974,23470,22598,24704,24776,23601,22634,20453,18538,15487,12472,9197,5888,4466
Kota Padangsidimpuan,240067,22909,21071,19583,19797,21023,21356,21175,18562,15394,13709,11935,11032,8924,6339,3812,3446
Kota Gunungsitoli,145233,15418,14787,14376,13585,13212,11930,10695,10992,9362,8199,6333,5120,4227,3179,2202,1616
SUMATERA BARAT,5836156,510854,456422,465632,494891,489446,481330,457620,424636,395149,365363,327236,286604,238579,188340,129167,124887
Kepulauan Mentawai,92757,9016,7313,8336,9631,8227,7601,7489,7438,6254,5633,4727,4010,2841,2065,1111,1065
Pesisir Selatan,532913,46935,43157,42766,45893,45125,42451,38945,37964,36267,34424,29725,26566,21391,18365,12214,10725
Solok,410426,34029,32476,33921,35487,35714,34261,31763,30402,27961,25306,21913,19103,17132,13814,9331,7813
Sijunjung,246775,22520,19895,20273,21748,21109,19415,18249,18365,17430,16263,14340,11495,9372,7480,4835,3986
Tanah Datar,388228,30770,25363,28099,31448,32627,32116,29013,25268,24654,23797,22806,21790,20052,16632,12123,11670
Padang Pariaman,459169,39157,35928,37773,40844,41078,40634,36031,29471,26695,26343,24969,22121,18689,15728,11338,12370
Agam,559299,47048,38206,42084,45812,48007,46929,43721,38715,36557,33022,30483,28086,24617,20246,15573,20193
Lima Puluh Kota,401086,32806,28615,30662,34373,34135,32371,28303,25563,26771,27677,25296,20659,16968,14656,11044,11187
Pasaman,318080,29018,25922,26999,28973,27750,26793,24975,23614,21802,18874,16098,14441,12370,9141,5928,5382
Solok Selatan,195034,18428,16101,15302,16389,17290,16905,15210,15178,13946,12741,10658,8695,6639,4991,3378,3183
Dharmasraya,244026,22036,20630,20066,20715,19459,19446,19869,19876,18518,16650,13832,11070,8400,5910,3894,3655
Pasaman Barat,456467,42783,40263,40197,42101,40448,38197,37576,35114,31417,27769,23284,19431,15260,10753,6539,5335
Kota Padang,954177,83262,74982,73249,74104,72285,77612,80320,75279,67209,60422,56061,50389,40758,31074,20152,17019
Kota Solok,79459,7543,7001,6681,6500,6336,6425,6541,6236,5638,5132,4326,3593,3075,2081,1302,1049
Kota Sawah Lunto,68725,6033,5593,5224,5454,5429,5371,5267,4791,4674,4387,4122,3705,3267,2315,1632,1461
Kota Padang Panjang,59453,5889,4999,4692,4953,4855,4997,4825,4384,3943,3662,3253,2854,2294,1654,1150,1049
Kota Bukittinggi,125015,11381,10105,9979,10231,9889,10037,10162,9325,8492,7847,7321,6281,5213,3737,2475,2540
Kota Payakumbuh,146731,13109,11965,11664,12385,11467,11327,11345,10438,10340,9609,8676,7380,6214,4727,3076,3009
Kota Pariaman,98336,9091,7908,7665,7850,8216,8442,8016,7215,6581,5805,5346,4935,4027,2971,2072,2196
RIAU,6728053,590700,606357,594414,567499,560092,559035,543661,525816,490518,450735,383300,305400,232082,157431,95707,65306
Kuantan Singingi,349251,30013,29414,29300,28839,29432,28682,28041,27092,25081,22937,19725,16137,13044,10368,6360,4786
Indragiri Hulu,468366,39936,41783,43248,41173,39971,37023,38037,37984,34454,30759,26006,20873,16072,10594,6441,4012
Indragiri Hilir,684860,57446,56311,57526,58066,56660,57850,53922,53029,50286,48077,41044,32546,24422,17945,11862,7868
Pelalawan,414943,36948,41906,41078,37146,33399,32334,34520,34917,31919,28065,21979,16441,11177,7128,3781,2205
Siak,483754,41972,44635,44498,43448,43932,40706,38079,36458,34247,33109,29069,22316,14291,8495,5174,3325
Kampar,894848,83614,83092,76310,71837,72159,77093,75579,71349,64835,59149,50779,40669,30226,19615,11025,7517
Rokan Hulu,593486,50617,47735,56970,56489,55880,50412,47194,47452,43618,38512,30704,23786,18516,12338,7506,5757
Bengkalis,591800,56332,55975,49373,44865,41972,48438,46216,43779,42588,40965,35761,30172,23353,16140,9460,6411
Rokan Hilir,673323,57503,60176,64390,63372,62118,57456,53126,49390,46853,42029,35499,28587,22396,15344,9041,6043
Kepulauan Meranti,213720,18249,18023,16347,16351,18974,18110,17269,16543,15327,14077,11623,9678,8603,6358,4285,3903
Kota Pekanbaru,1026671,88876,93939,85910,78563,78510,83272,84275,81805,76712,71063,62969,50287,38806,25413,15981,10290
Kota Dumai,333031,29194,33368,29464,27350,27085,27659,27403,26018,24598,21993,18142,13908,11176,7693,4791,3189
JAMBI,3724284,322220,311940,309301,301570,300424,301873,297407,291944,275365,256274,221456,180474,140623,99926,63463,50024
Kerinci,256706,20139,19822,19811,18859,18768,19116,19099,19077,18713,18319,16629,14634,12130,9379,6310,5901
Merangin,373409,32025,31414,32033,31548,31317,30874,29985,29264,27445,25405,21749,17525,13529,9498,5883,3915
Sarolangun,306514,30506,29124,27590,25265,24803,24873,24063,23383,21777,19936,16961,13482,10244,7085,4385,3037
Batang Hari,316550,27552,26735,26846,26328,26146,26085,25445,24735,23251,21565,18514,15005,11590,8099,5037,3617
Muaro Jambi,424579,36108,35303,35255,33971,34192,34757,34651,34640,32701,30458,25957,20622,15532,10349,6251,3832
Tanjung Jabung Timur,238975,20706,19938,19309,18274,18374,18539,18362,18521,17741,16767,14576,11919,9367,6788,4635,5159
Tanjung Jabung Barat,335069,30310,28841,28072,27411,27202,28120,28341,26717,24395,21837,18796,15167,11878,8497,5355,4130
Tebo,355262,32750,31620,30574,28468,28199,28446,28043,27735,26202,24357,20784,16625,12784,8946,5588,4141
Bungo,381272,33007,32257,32797,32468,32314,31867,30974,30295,28020,25236,21437,17041,13213,9468,6012,4866
Kota Jambi,635101,51130,49087,49150,51298,51429,51421,50743,50079,47802,45229,39661,33016,25921,18438,11717,8980
Kota Sungai Penuh,100847,7987,7799,7864,7680,7680,7775,7701,7498,7318,7165,6392,5438,4435,3379,2290,2446
SUMATERA SELATAN,8837301,736204,771614,763162,699148,696489,706291,695643,684432,643348,593812,516397,426912,339569,250361,165930,147989
Ogan Komering Ulu,383039,32467,35004,34884,31034,29034,29948,29594,29694,27672,25348,21598,18452,14621,10724,6938,6027
Ogan Komering Ilir,807085,63742,66590,71709,67507,63458,64664,65010,61511,59122,56228,50165,40663,30571,20822,13726,11597
Muara Enim,640962,57172,58824,54386,49996,49204,51167,50032,49217,45747,42881,37423,30754,24746,18049,11642,9722
Lahat,450281,36750,38643,38549,36718,38197,35317,31322,33243,32426,31739,26478,21625,17759,13698,8934,8883
Musi Rawas,411787,33098,35824,36238,32569,32178,31275,31179,31603,30866,29582,25233,19628,15807,11706,7972,7029
Musi Banyuasin,651950,59065,62789,59276,52843,50509,49368,52299,52746,48661,42840,36029,28678,21352,15934,10659,8902
Banyu Asin,885902,75233,71762,77421,72685,73514,72745,71326,68283,64138,57542,51633,42323,32403,22740,15903,16251
Ogan Komering Ulu Selatan,429535,36022,32410,33493,35693,37579,36833,34313,34081,31440,29775,24731,20326,15841,11960,7758,7280
Ogan Komering Ulu Timur,674184,54154,55358,56514,50491,48976,51457,52372,50697,51272,49111,42698,34326,28045,20044,14491,14178
Ogan Ilir,436141,35494,40324,38915,35740,36455,35717,33725,32792,29253,26852,24318,20969,17746,12672,8103,7066
Empat Lawang,345641,28233,21004,25633,28855,30192,28750,28484,30004,25735,24739,19952,17371,13244,10428,6322,6695
Penukal Abab Lematang Ilir,205384,19237,20369,19232,17309,17117,17562,16714,15645,14024,12496,10523,8279,6545,4577,3207,2548
Musi Rawas Utara,198413,17417,17566,17858,16193,16612,16866,16626,16024,13668,12210,10301,8898,7342,5256,2972,2604
Kota Palembang,1718440,137501,158834,145143,123201,126401,137347,136984,132869,125751,111953,101108,86945,71173,55542,37011,30677
Kota Prabumulih,203312,17250,19936,19439,17131,16236,16011,15374,15462,14692,13349,11427,9158,7193,5103,3244,2307
Kota Pagar Alam,149199,11757,13261,12903,11432,10979,11019,10549,11443,11531,11061,9114,7360,6198,4681,3078,2833
Kota Lubuklinggau,246046,21612,23116,21569,19751,19848,20245,19740,19118,17350,16106,13666,11157,8983,6425,3970,3390
BENGKULU,2112235,183127,174604,173120,171357,171577,173543,169845,164883,154524,142558,123540,102063,80334,57844,37567,31749
Bengkulu Selatan,173315,14737,13697,14294,14438,14334,13393,12748,12488,12194,11795,11027,9186,7062,5164,3444,3314
Rejang Lebong,288832,23690,21580,22414,23720,24490,24149,22998,21947,21322,20753,17715,14401,11238,8400,5529,4486
Bengkulu Utara,310125,27186,26822,26452,25718,23894,23844,23759,23778,23249,20815,17736,14811,11755,8854,6179,5273
Kaur,132659,11458,10463,11068,11602,11357,10147,9873,10034,9726,9168,7954,6343,5153,3753,2296,2264
Seluma,217507,19225,17190,17309,17673,17957,16958,16899,16683,16610,15348,13032,10738,8276,6058,3847,3704
Mukomuko,201700,18229,18879,18132,17227,16216,16443,16364,16412,15122,12554,10627,8612,6495,4529,3266,2593
Lebong,111750,9675,9326,8821,8731,9393,9108,8740,8459,7844,7291,6612,5482,4558,3454,2313,1943
Kepahiang,156353,12614,12094,11869,12011,12437,12937,12461,12763,11856,11787,9890,8100,6214,4272,2765,2283
Bengkulu Tengah,122673,10924,10130,10580,10306,10273,10284,10101,9781,8859,8118,6775,5411,4231,3095,1930,1875
Kota Bengkulu,397321,35389,34423,32181,29931,31226,36280,35902,32538,27742,24929,22172,18979,15352,10265,5998,4014
LAMPUNG,9419582,792294,776263,769983,727089,731624,747922,739222,727438,689642,643885,565267,474038,379246,279859,189042,186768
Lampung Barat,315923,28758,27309,26140,25849,24799,24282,24361,25390,22961,21243,18486,15512,11777,8637,5433,4986
Tanggamus,670367,57351,55910,54990,51225,53590,54701,52540,53075,47088,44444,37992,33422,26708,20281,13495,13555
Lampung Selatan,1119314,96956,98831,94513,88239,88520,89914,85947,83895,83998,76244,65730,53484,42792,31132,20339,18780
Lampung Timur,1153773,91887,87504,93470,89338,88429,88914,84834,83513,85149,84828,75020,60386,49066,37147,26993,27295
Lampung Tengah,1525088,124734,115568,116630,111067,116709,123912,121999,116943,113913,110460,96674,80266,65440,47173,31833,31767
Lampung Utara,659887,55867,58118,57658,54333,51957,51362,49878,49689,44523,42125,37716,32829,27232,19858,13229,13513
Way Kanan,497260,44185,45033,43040,39802,38668,38611,39645,39867,35544,31821,26912,22747,19082,14116,9344,8843
Tulangbawang,450336,37555,39298,39677,37285,34809,35915,36722,34962,32155,30304,27789,22301,15822,10883,7518,7341
Pesawaran,500298,42062,43957,42252,40340,41057,39566,36735,36863,35790,33438,28755,24155,19553,15362,10271,10142
Pringsewu,424679,34970,34713,34910,32495,34627,34132,31101,30341,29654,28596,26477,22955,18439,13395,9259,8615
Mesuji,241600,21971,20312,20798,18704,18359,20808,22845,20254,17493,14707,12456,10403,8485,5937,4216,3852
Tulang Bawang Barat,298696,25775,25359,24081,20653,18842,23788,25393,24168,22107,20003,18371,15830,12893,9044,6270,6119
Pesisir Barat,172316,15824,17076,15659,14779,13898,13819,13026,12847,11364,10295,8964,7822,6396,4663,3070,2814
Kota Bandar Lampung,1214333,100198,92726,92463,90005,93558,94375,100753,102979,95538,83024,72251,62031,48001,36477,24061,25893
Kota Metro,175712,14201,14549,13702,12975,13802,13823,13443,12652,12365,12353,11674,9895,7560,5754,3711,3253
KEP. BANGKA BELITUNG,1531530,129428,118787,118530,126365,126232,125280,124356,123972,116278,106800,91428,73308,57689,42312,27755,23010
Bangka,342058,29624,26271,26389,28733,28236,27700,26738,27481,25365,23605,20285,16430,13019,9988,6860,5334
Belitung,191405,15452,13843,13393,14481,15386,16433,15982,13750,14123,13613,12571,10187,8229,5806,4006,4150
Bangka Barat,215818,18097,17394,17806,19040,18398,17083,16536,17966,16556,15138,12497,9695,7493,5559,3678,2882
Bangka Tengah,210482,18473,17055,17552,18333,18101,17093,17258,18250,16161,13941,11577,9133,7250,5144,3000,2161
Bangka Selatan,208491,16939,15442,16429,17620,17948,17889,17939,17938,16125,14470,12404,10069,7483,4769,2642,2385
Belitung Timur,132835,10377,9550,9467,10041,10973,10825,10388,9375,10231,10397,9102,7124,5476,4045,2921,2543
Kota Pangkal Pinang,230441,20466,19232,17494,18117,17190,18257,19515,19212,17717,15636,12992,10670,8739,7001,4648,3555
KEPULAUAN RIAU,2183292,192872,189551,185176,170785,176416,181273,180517,182663,171280,158025,131024,97464,70636,44179,26991,24440
Karimun,263344,22504,22905,21518,18866,20857,20677,19701,19721,19069,18329,16032,13769,11497,7897,5024,4978
Bintan,168190,14177,14178,14449,13559,13553,12388,12317,13404,13860,12596,10574,8018,6326,3957,2403,2431
Natuna,85664,7664,7787,7727,7503,7601,6500,6167,6520,6184,5549,4742,3720,3128,2175,1369,1328
Lingga,102006,8086,8249,8230,8218,8998,6968,7158,7917,7591,6785,6028,5005,4489,3488,2451,2345
Kepulauan Anambas,49728,4517,4507,4273,4267,4292,3790,3787,3939,3428,3208,2863,2210,1843,1272,787,745
Kota Batam,1276928,117349,112532,109006,99186,101506,112932,113696,113536,103009,94668,75910,52707,33250,18564,10670,8407
Kota Tanjung Pinang,237432,18575,19393,19973,19186,19609,18018,17691,17626,18139,16890,14875,12035,10103,6826,4287,4206
DKI JAKARTA,10684946,739283,785497,798122,814433,823537,825664,833957,859532,843229,817587,725837,608010,479462,341332,218158,171306
Kep. Seribu,28809,2661,2656,2356,2326,2631,2524,2311,2218,1997,1815,1612,1354,1033,651,372,292
Kota Jakarta Selatan,2230653,145393,156586,161970,169095,172733,173261,170232,172867,173154,176141,161400,135146,105085,72872,46104,38614
Kota Jakarta Timur,3086010,218651,232969,233941,238880,240609,240009,240563,244817,240093,233164,208316,174203,136999,97368,61631,43797
Kota Jakarta Pusat,1044297,62973,70393,72867,77133,81906,80889,80285,82047,79134,77927,73841,65883,53514,38374,25343,21788
Kota Jakarta Barat,2479571,175536,182138,186882,188571,188286,189231,195873,206776,202085,190125,163804,136179,107764,76926,49549,39846
Kota Jakarta Utara,1815606,134069,140755,140106,138428,137372,139750,144693,150807,146766,138415,116864,95245,75067,55141,35159,26969
JAWA BARAT,50345189,3985865,3878696,3869748,4037759,4045423,4075833,4020286,3925021,3727308,3507291,3102041,2632652,2102566,1535589,1019785,879326
Bogor,5682303,447550,464810,459270,459442,469492,486892,487516,482411,425460,395696,338188,273384,202390,139139,84413,66250
Sukabumi,2828024,222944,218793,222655,232108,237695,234662,224031,215704,194495,181978,168462,147155,122768,89983,59699,54892
Cianjur,2584994,214368,212829,211763,212505,212425,211557,199409,194779,175270,167040,157026,129509,109138,79631,52322,45423
Bandung,3753116,298400,305637,311954,334368,314782,300216,290322,274379,277481,265036,225977,183460,145139,102928,69400,53637
Garut,2716950,245860,233787,225055,239745,248454,241791,211960,197141,175511,160620,146711,124747,102035,73109,47832,42592
Tasikmalaya,1920921,152285,138673,141224,154647,158238,151499,139050,131818,126912,121118,122955,112879,98018,70094,49321,52190
Ciamis,1259226,92553,81225,86816,97051,99701,96210,87791,82445,81512,79760,78889,77671,71801,59694,43064,43043
Kuningan,1213927,97961,90287,88699,97037,94835,91205,87008,87603,88163,82521,74815,68189,57491,44582,31616,31915
Cirebon,2387961,204716,190627,171758,175351,184824,202472,197640,199745,188089,172155,143600,117721,90905,68414,45364,34580
Majalengka,1352541,103122,93303,96652,102392,105779,103180,99723,99146,102914,97849,88285,75250,64501,50937,35503,34005
Sumedang,1187133,85739,84050,85392,94001,98292,92373,88311,80499,79717,75376,71702,70559,61582,48195,37090,34255
Indramayu,1914037,144445,138240,141478,143525,149089,156500,150339,150913,151639,145261,123595,102601,81492,63193,40836,30891
Subang,1663156,126797,111911,116477,123564,129245,131456,126019,119361,123876,115243,110998,97384,80716,61847,42666,45596
Purwakarta,1050344,89891,83920,83836,84771,85869,85984,85362,81730,75234,70857,63153,53527,39921,28858,19485,17946
Karawang,2554384,198750,196371,199467,197043,195638,209014,219803,209460,194853,185026,159389,132429,99352,72128,44734,40927
Bekasi,3273868,266670,264484,259039,254410,229222,251556,287241,305384,286025,258935,207454,157407,105653,68547,40361,31480
Bandung Barat,1884191,154401,147426,148837,155029,158461,152538,148411,138447,138296,128922,114978,94617,76472,54847,37838,34671
Pangandaran,434104,32194,28393,28981,32420,32529,32941,31310,29508,27672,27939,28721,27971,25423,20251,14212,13639
Kota Bogor,1078351,79144,83288,82721,86949,85906,85860,86938,84396,80243,76564,68152,58105,45590,33968,22688,17839
Kota Sukabumi,365735,30252,29435,28034,29547,29794,29449,28841,27659,26428,24076,20987,19207,15652,11546,8112,6716
Kota Bandung,2528163,177809,179599,179775,198209,208288,203954,196762,187490,188927,184201,162061,143191,116314,87734,61793,52056
Kota Cirebon,344851,27266,26427,25184,27732,28241,28400,26645,25821,25123,24213,20827,18355,14804,11589,8119,6105
Kota Bekasi,2644058,199015,194367,193996,206052,198598,207944,224357,225741,208173,193129,165972,145819,117981,83197,49414,30303
Kota Depok,2163635,167541,165868,165999,174235,162345,161160,171774,177602,173195,166599,143318,117791,88353,60563,38558,28734
Kota Cimahi,598698,45886,41855,43150,47828,49506,49862,48352,44146,44459,44749,39488,33515,25761,18301,12198,9642
Kota Tasikmalaya,750727,62964,58243,57012,61946,61204,60007,58718,56492,53132,49609,44308,38552,32517,24020,17170,14833
Kota Banjar,209791,17342,14848,14524,15852,16971,17151,16653,15201,14509,12819,12030,11657,10797,8294,5977,5166
JAWA TENGAH,37892283,2821028,2694170,2724087,2793354,2838522,2896582,2882138,2850615,2768545,2669607,2457494,2213095,1852404,1449530,1004327,976785
Cilacap,2027379,152692,140927,147701,149557,150476,158414,154746,154460,145106,136115,132216,117611,100668,76498,55511,54681
Banyumas,1847097,138428,131271,131602,136523,137653,136905,132395,132139,133843,133050,125940,107733,91120,71415,53473,53607
Purbalingga,1037637,81495,76902,76980,80000,79257,78766,77092,76158,76085,72440,65623,55530,47043,36895,27226,30145
Banjarnegara,1057562,81901,75476,77722,77967,77448,79054,82797,79953,77795,71549,66469,59101,50438,40498,28774,30620
Kebumen,1414754,110909,100410,99910,105494,109397,115504,110451,105289,93887,89149,85366,81070,70853,56201,40061,40803
Purworejo,795033,56401,51865,53170,56676,58916,60570,57316,54889,50966,51220,51605,52790,46760,37764,25619,28506
Wonosobo,920506,74054,66477,65965,67528,68829,71944,71760,67384,64623,64174,60428,53949,43399,33928,24081,21983
Magelang,1341447,97575,92272,94191,98733,98505,102120,98536,94190,93688,95297,91782,84356,68452,54770,38715,38265
Boyolali,1099850,82447,79098,78815,81507,81343,81790,79978,80061,79048,74863,69961,64536,55005,44413,31594,35391
Klaten,1292800,85690,86448,87222,94067,93310,89871,89486,92809,97084,94550,89113,83123,70191,55709,40562,43565
Sukoharjo,941650,64524,63645,66652,71521,70151,67635,67898,67649,71422,70616,64137,58505,48295,36716,26008,26276
Wonogiri,1054145,64586,59292,63199,71149,78113,75219,69850,67307,69311,70395,73914,73018,65107,57491,44089,52105
Karanganyar,961909,66238,69646,68291,70095,69221,67473,68006,69187,73463,70148,64327,58663,48530,39549,27735,31337
Sragen,1004761,69064,67841,70907,75647,73008,70665,68565,71369,76920,72564,65912,60998,51872,44114,31454,33861
Grobogan,1506374,119672,109847,105986,110276,112245,116949,115577,114928,102753,100358,94269,90925,78046,57201,37891,39451
Blora,907993,64603,49942,60613,64632,68332,66141,65330,65911,65750,67180,62481,59458,52517,41216,28375,25512
Rembang,665237,48399,46535,44227,46111,49111,49072,50078,51005,48778,49696,44777,40295,34669,27417,18207,16860
Pati,1370821,95055,92126,93423,94144,99071,101043,102276,101676,101966,102701,94274,86491,73682,57520,37192,38181
Kudus,883322,67061,65548,65980,66193,66639,65696,67321,70110,68102,65014,58003,52871,41657,30100,17701,15326
Jepara,1232880,95363,91223,91391,93369,94231,95336,95624,96543,93302,90421,80475,67512,53826,39780,26708,27776
Demak,1252970,99116,99755,95345,94099,96348,100634,102826,100435,90564,85029,76961,68374,54008,40562,25162,23752
Semarang,1089767,78703,76043,79431,79722,81224,83066,81541,82516,82575,78338,71622,64986,53087,42194,28789,25930
Temanggung,814879,58182,56092,58446,59528,58875,58201,58465,57830,55020,58213,56993,53889,44068,35078,24353,21646
Kendal,1064812,77139,74704,78845,77619,78645,80468,86074,86985,79907,75283,67569,63379,52526,40279,25501,19889
Batang,838187,66434,64758,62589,59869,62037,64883,68661,67661,60675,56483,52497,47444,39499,28889,20044,15764
Pekalongan,1019006,84135,80042,77216,76403,78695,84717,85631,80284,73161,66795,59002,52202,43895,32730,21806,22292
Pemalang,1541685,122743,114108,117212,116386,120119,130064,127934,120803,113477,103804,90671,79475,66620,51750,36156,30363
Tegal,1674803,136887,134061,129120,128680,124853,135550,132828,133231,129402,120482,103296,84088,67223,52778,35286,27038
Brebes,2065501,162777,158559,154687,151767,158426,169642,174200,168081,154559,144788,126605,104272,84543,65555,45378,41662
Kota Magelang,122431,7558,7144,7911,9157,10037,9932,8504,7858,8366,8732,8507,8083,7233,5642,4029,3738
Kota Surakarta,528044,33860,34235,36111,39621,41243,39514,37811,37290,39199,39086,35884,33082,28032,22775,16249,14052
Kota Salatiga,201270,14854,13350,14034,15116,15491,15359,14761,14908,15621,14822,13101,11789,9627,7896,5551,4990
Kota Semarang,1708833,113634,119165,123959,128027,130152,127180,130298,132728,134793,130911,115617,101326,83860,64019,41423,31741
Kota Pekalongan,321095,25911,23969,24324,24347,25295,25329,25591,25184,24353,22923,19759,17582,14263,10535,6986,4744
Kota Tegal,285843,22938,21394,20910,21824,21826,21876,21931,21804,22981,22418,18338,14589,11790,9653,6638,4933
D I YOGYAKARTA,3759503,242165,245099,252430,261588,270401,270752,268415,267739,267165,267013,254390,239012,206614,167949,123362,155409
Kulon Progo,445315,29254,29097,29519,30685,31204,31180,30658,29733,30030,30260,29165,29025,25796,21159,16171,22379
Bantul,1017750,67426,69094,70701,71746,71189,70457,74029,76769,75449,73436,67735,64399,56021,43711,29440,36148
Gunung Kidul,752188,46234,45691,47582,49584,49878,49994,51577,49072,49795,50698,52748,50102,43898,38805,31277,45253
Sleman,1168471,76558,78490,80503,83276,87866,88450,84753,85286,85538,86133,79484,71859,59374,47326,33959,39616
Kota Yogyakarta,375779,22693,22727,24125,26297,30264,30671,27398,26879,26353,26486,25258,23627,21525,16948,12515,12013
JAWA TIMUR,41814499,2909380,2832431,2938307,2955248,3020645,3100058,3122037,3126390,3093403,3055118,2842850,2582221,2166209,1691668,1180084,1198450
Pacitan,588569,35801,33645,35125,36672,38221,41657,41986,42318,39559,37614,42649,42205,37467,31352,23601,28697
Ponorogo,962941,62363,57012,59511,59335,61576,65082,67195,71631,71598,67835,69019,64188,57457,48880,36564,43695
Trenggalek,744516,48239,46455,47684,46823,48190,51715,54317,54223,54705,51906,53189,51748,44255,35771,26418,28878
Tulungagung,1113847,74308,69331,73982,76353,77559,77974,75752,79970,85571,85263,82451,73527,61383,47334,36211,36878
Blitar,1263645,83700,82091,89801,88742,89593,87547,89659,92968,94540,89258,88870,80695,69962,54282,40720,41217
Kediri,1689916,123618,112717,119501,120005,126276,125010,118152,121551,126792,120600,115645,106140,90625,65837,46285,51162
Malang,2735993,190205,185887,197146,192816,193287,200107,202828,207119,207581,200951,183885,169369,143886,110997,75130,74799
Lumajang,1145849,79430,76361,76150,79989,85790,84906,84028,82981,80181,81316,77224,71468,62610,51072,35605,36738
Jember,2603817,181479,167471,183209,187389,196640,198005,201624,195329,184745,183946,176232,158260,131625,103484,75454,78925
Banyuwangi,1754393,124255,115060,121301,124668,128564,127564,124102,120306,122665,130474,125472,111637,93870,71613,52371,60471
Bondowoso,792309,57613,51774,50733,53526,58004,58122,57710,56493,55353,56907,53284,50301,41693,35210,25078,30508
Situbondo,700719,48195,42546,43978,47081,50370,50151,51044,51291,51245,52826,48699,45034,38335,31524,23394,25006
Probolinggo,1185242,87337,87086,85716,85446,86738,89243,86987,87316,82389,87049,79436,71620,58751,45345,32152,32631
Pasuruan,1657216,115257,122771,121914,119433,122038,127890,130816,128844,123702,122491,110232,99217,80380,60353,37816,34062
Sidoarjo,2171480,146084,151913,161672,164152,161068,164349,170437,166418,170148,167749,158242,134963,101603,72841,44144,35697
Mojokerto,1154257,84561,83721,84627,82865,81901,84252,88981,86423,85003,81767,81224,73793,58909,42647,27386,26197
Jombang,1362697,100166,96606,101020,101580,102422,99585,100787,101769,102287,96678,90173,82614,68444,50775,33730,34061
Nganjuk,1131777,77481,76339,80456,80688,79719,81402,78565,83293,85468,83453,77183,70916,61312,46452,32424,36626
Madiun,757839,49740,46247,48551,48518,48264,49419,50592,52171,56634,57853,54917,52583,45998,38428,27728,30196
Magetan,685500,45239,43869,44803,44377,44790,45898,45420,47069,50100,49912,45568,43401,39860,36347,27773,31074
Ngawi,884086,57391,54943,57873,58923,60345,61359,59183,62095,63429,63160,60070,59508,53499,46128,34153,32027
Bojonegoro,1325299,84266,88646,87813,88429,89177,93967,97510,97091,99296,100618,93982,89404,76601,59658,40699,38142
Tuban,1225205,76928,80436,84792,82370,82086,89701,93450,95814,92710,92679,84022,77413,67986,54445,36013,34360
Lamongan,1378147,92864,90091,89549,91049,98069,104509,105035,98013,96731,100124,97649,88303,78204,62709,42437,42811
Gresik,1364019,95967,99609,102138,102363,101861,101353,105066,103604,107701,107054,94050,79078,62627,46981,29974,24593
Bangkalan,1102522,84840,73365,84423,88137,90342,94930,96915,94874,77817,71075,60282,54566,46662,35414,24195,24685
Sampang,1016254,91618,80685,73822,69447,74598,93503,92931,88401,71060,66895,53085,48889,39044,30367,20527,21382
Pamekasan,884697,72654,67649,62919,62662,66426,73683,67933,68760,63742,66115,54754,48135,39192,28547,20524,21002
Sumenep,1153188,81724,70135,71743,74634,79192,81845,82782,87419,82328,89934,81922,76062,62955,51432,36855,42226
Kota Kediri,298227,21410,20621,22078,23307,25811,23447,20471,20754,22533,21102,18587,17329,14731,11428,7664,6954
Kota Blitar,154867,10940,10718,11260,11572,11751,11410,11268,11744,12170,11021,10008,9204,7613,5956,4218,4014
Kota Malang,872694,58985,61879,64153,63232,64433,67101,66993,67798,66623,62734,55876,50978,43027,33632,23304,21946
Kota Probolinggo,249539,19912,19176,18948,18816,19553,19314,18861,18373,18152,17567,16126,14286,11199,8472,5621,5163
Kota Pasuruan,219392,17844,17544,17329,16792,17006,17259,17247,16770,16371,15152,13092,11683,9887,7209,4684,3523
Kota Mojokerto,137393,9673,10175,10459,10607,10162,9755,10599,10543,10579,9814,8846,7897,6633,5225,3509,2917
Kota Madiun,201767,13463,12546,12959,14182,15560,15011,14259,13929,15046,15281,13515,12609,10887,8989,6710,6821
Kota Surabaya,2921996,187400,209102,223493,222899,217351,214934,222775,223697,230022,223148,198873,169665,135921,106046,73526,63144
Kota Batu,222685,16430,16209,15676,15369,15912,17099,17777,17228,16827,15797,14517,13533,11116,8486,5487,5222
BANTEN,12431391,986211,1040434,1033215,993013,1006583,1041111,1031886,1014849,949341,869637,745717,603701,463142,317909,195787,138855
Pandeglang,1325952,109600,110251,114912,116481,117365,116110,103268,97954,91657,82508,73124,61487,52910,35642,23693,18990
Lebak,1449205,122097,124665,123821,123264,127321,125820,113942,114362,101427,90213,77814,68681,52984,39381,23057,20356
Tangerang,3400486,265379,286616,285162,264999,268946,285595,299954,290525,271146,250423,210886,160820,112743,73615,43309,30368
Serang,1701803,143984,143378,139324,133877,145658,153108,145070,142970,122577,111377,93671,77353,59268,42490,26454,21244
Kota Tangerang,1963966,148738,162018,155331,148408,144704,149864,160141,161806,164484,150493,126142,101054,79807,55640,34878,20458
Kota Cilegon,455617,40272,42098,38256,35376,33855,37733,37438,37135,33856,30837,27431,22103,17102,11260,6728,4137
Kota Serang,734866,62079,65969,65442,61612,62808,65647,63140,60026,51959,47766,40920,32537,23872,15726,9583,5780
Kota Tangerang Selatan,1399496,94062,105439,110967,108996,105926,107234,108933,110071,112235,106020,95729,79666,64456,44155,28085,17522
BALI,4433262,319160,295582,304042,329408,332593,332666,330037,324688,323227,324833,300932,270249,223397,168744,119864,133840
Jembrana,325633,24344,22997,23068,23901,23978,23411,23891,23757,23535,23240,21329,19678,17939,12913,8553,9099
Tabanan,467667,28872,27304,26628,29559,32275,33616,32233,30866,30867,32501,36112,35900,30363,23706,17083,19782
Badung,568547,39685,35541,36667,42215,45212,45650,41818,39398,41054,44556,43377,37719,27439,19214,13444,15558
Gianyar,527119,36183,32728,32756,37286,39180,39651,38826,35709,37593,41216,39454,33752,27074,20944,15665,19102
Klungkung,209309,15515,14252,14278,15434,15349,15067,15076,14535,15257,15056,13246,12254,11031,8549,6663,7747
Bangli,262297,19017,16769,18248,19520,19599,19063,19421,19849,19816,19463,16959,13751,12765,10745,7593,9719
Karangasem,502333,39935,37313,39276,40792,36141,35296,37301,39998,37694,34978,28953,23514,22220,18282,13968,16672
Buleleng,814789,63348,59107,60683,63569,63759,61136,62798,62787,59332,54511,46585,44971,38555,30222,20819,22607
Kota Denpasar,755568,52261,49571,52438,57132,57100,59776,58673,57789,58079,59312,54917,48710,36011,24169,16076,13554
NUSA TENGGARA BARAT,5646015,511957,509130,503642,440226,440561,453806,448237,440920,412166,377134,321407,257771,200741,143600,95807,88910
Lombok Barat,765049,68657,70586,68408,55915,56949,62285,65184,62754,57691,53010,43396,34466,25074,17846,11450,11378
Lombok Tengah,1109800,93089,95564,100601,81537,82383,90402,91474,90090,84089,78485,64253,53901,38927,29807,17950,17248
Lombok Timur,1414461,135183,139015,128708,110580,109828,108525,111172,111711,105359,94284,78034,60060,47068,32698,22901,19335
Sumbawa,536597,46712,41789,45708,41435,43326,42935,40398,40462,39204,35875,32328,26393,22847,15685,11108,10392
Dompu,250943,24386,21791,22722,21566,19113,21386,19399,18321,17537,15461,14023,11059,9126,6809,4112,4132
Bima,543459,51132,44252,44553,48450,49882,47763,41753,38748,34470,31992,29242,23823,19813,15957,10695,10934
Sumbawa Barat,155535,14799,15178,15387,12253,11267,11030,11431,11481,11778,11329,9365,6888,5314,3312,2465,2258
Lombok Utara,261557,25080,24950,23278,20173,20644,21059,21437,21583,18699,16462,14730,11585,8599,5751,3733,3794
Kota Mataram,445010,37707,40431,39830,35184,35002,35524,33237,33303,31776,29809,26762,21992,17814,11495,8349,6795
Kota Bima,163604,15212,15574,14447,13133,12167,12897,12752,12467,11563,10427,9274,7604,6159,4240,3044,2644
NUSA TENGGARA TIMUR,5656039,574599,549526,523973,484839,475121,482111,444735,392259,353579,316043,275397,234251,190657,146013,102526,110410
Sumba Barat,155013,18650,16251,14640,14420,13827,13764,12129,10585,8771,8042,6531,5263,4042,3287,2267,2544
Sumba Timur,259261,27109,29942,25487,21599,19299,21745,20122,17624,15962,14311,12230,9927,8128,6416,4807,4553
Kupang,380212,38933,26219,31370,31524,34975,32182,32353,29805,25894,21750,18991,16266,14650,10959,7194,7147
Timor Tengah Selatan,481281,47152,40089,46051,46879,40394,38076,35379,29786,29132,26426,24323,21760,18965,14874,10202,11793
Timor Tengah Utara,275439,26306,28178,25884,23929,24127,21866,20902,17486,16931,14573,13215,12321,10012,7757,5367,6585
Belu,235709,25186,21139,20434,20313,20944,21449,21744,18030,14024,11419,10184,9138,7461,6096,3980,4168
Alor,225020,23542,24282,22142,18868,17300,18665,17901,15905,13394,11989,10796,8959,7325,6041,3792,4119
Lembata,143345,14314,15982,14389,11816,10181,10693,9413,8911,8802,8284,7203,6191,5126,4444,3529,4067
Flores Timur,292523,27514,27148,24865,22456,24415,25035,22858,19090,17509,16821,15829,13614,11273,9046,7055,7995
Sikka,340327,31050,36695,29934,26911,26959,28318,24892,22476,20780,19867,17425,14706,13342,10666,8194,8112
Ende,281371,21905,22503,25125,23103,23536,24261,22157,20294,19015,17608,15760,13689,11356,8665,6055,6339
Ngada,174088,15918,14816,15627,14535,15769,15037,12679,11191,11466,10862,9098,7493,6200,4865,3607,4925
Manggarai,334464,34697,34441,32656,30318,30789,30327,24158,21373,19003,17920,16375,14331,10916,7514,5010,4636
Rote Ndao,152950,16689,16755,15382,12842,11854,11084,11794,11411,10009,8284,6198,5317,4663,3708,3194,3766
Manggarai Barat,276284,29941,30867,26279,25550,24363,25310,20878,18084,16141,14315,12965,11069,7778,5470,3616,3658
Sumba Tengah,92354,11511,10334,9171,8529,7677,7687,6810,6201,5250,4689,3931,3076,2458,1907,1421,1702
Sumba Barat Daya,328771,39267,40562,41043,33335,27262,27519,22254,20552,17481,16144,13533,10256,7578,5326,3555,3104
Nagekeo,168355,14952,15130,14753,13452,13970,14271,13025,11312,11394,10500,9024,7535,5946,4995,3736,4360
Manggarai Timur,296174,29108,31222,27996,26947,25491,26071,21232,19242,18471,17452,15352,13293,9934,6517,3997,3849
Sabu Raijua,94787,10777,11026,9954,8249,7345,7742,7496,6403,5280,4583,3898,3114,2532,2186,1836,2366
Malaka,193510,18799,16245,17107,18382,17103,17406,15332,11783,10827,10012,9273,8541,7170,5797,4356,5377
Kota Kupang,474801,51279,39700,33684,30882,37541,43603,49227,44715,38043,30192,23263,18392,13802,9477,5756,5245
KALIMANTAN BARAT,5695475,497753,467746,463790,472328,474010,478519,466245,450340,417299,379055,324892,263340,206557,149579,98202,85820
Sambas,654912,56904,55775,56184,55916,52604,49409,47559,48948,49270,45060,39096,29980,24146,19219,13367,11475
Bengkayang,303422,26783,25408,25670,26310,26571,26384,25696,25096,21476,19293,15880,12446,9834,7390,4851,4334
Landak,419092,37532,35876,35075,34721,36414,37219,35852,34392,29238,26040,21965,17860,14210,10648,6373,5677
Mempawah,316728,27728,25696,24590,25439,27458,28014,25516,23964,22535,20506,17624,14340,11936,9009,6272,6101
Sanggau,510412,44108,39947,39868,40187,42092,43196,40580,40753,38163,36118,30595,24827,20421,14384,8755,6418
Ketapang,599890,51826,45582,46465,50872,53479,50840,52280,48736,45290,40509,34712,28608,20634,13979,8577,7501
Sintang,443684,39647,37586,37703,37773,35868,36467,37052,35958,32531,29908,24306,19485,14943,10845,7245,6367
Kapuas Hulu,265772,22786,22081,21651,22838,21815,20797,20782,20558,19851,18475,16280,13148,10010,6984,4265,3451
Sekadau,222510,19208,18247,18245,18024,18294,18384,18842,18539,16279,14592,12506,10340,8186,5846,3833,3145
Melawi,243250,21826,17763,18119,20016,20556,20661,20878,21004,18956,16937,13559,11505,8403,6179,3669,3219
Kayong Utara,135087,12481,10875,10730,12220,11710,11569,11164,10797,10107,8610,7211,5719,4562,3337,2214,1781
Kubu Raya,649866,58073,55165,54210,53825,53183,58198,54817,50576,45505,41452,36356,30305,23145,15451,10214,9391
Kota Pontianak,680852,55118,55431,54315,54035,54417,56231,53617,51502,50772,46350,41772,34209,27220,19526,13807,12530
Kota Singkawang,249998,23733,22314,20965,20152,19549,21150,21610,19517,17326,15205,13030,10568,8907,6782,4760,4430
KALIMANTAN TENGAH,2809698,246727,218967,221828,233768,238534,241582,234939,227259,211787,193551,163737,129443,98488,66619,42367,40102
Kotawaringin Barat,282790,24782,24480,22448,22151,21064,23104,22407,22112,22335,20957,17760,13967,10587,6781,4248,3607
Kotawaringin Timur,448184,37676,33815,35758,38740,38674,38129,37766,36911,34534,31700,26225,20608,15422,10230,6296,5700
Kapuas,430184,38202,28697,32311,35692,38180,37872,35906,34253,31040,28946,25541,21281,16130,11422,7196,7515
Barito Selatan,135909,11438,10309,9902,11197,11812,11065,10205,10275,10092,9776,8653,7021,5526,3952,2420,2266
Barito Utara,162622,14369,12150,11977,13237,14973,14779,13670,12837,11995,10833,9436,7714,5938,3941,2479,2294
Sukamara,67806,5988,5501,5221,5448,5791,5936,5861,6006,5609,4786,3902,2920,2063,1301,774,699
Lamandau,103676,8911,8649,7810,7303,7782,9254,9572,9414,8767,7564,5797,4486,3294,2207,1452,1414
Seruyan,174314,14905,14522,14398,14619,14362,14339,15068,15783,14518,12820,10212,7150,4971,3144,1826,1677
Katingan,171856,15845,14519,15120,15577,14500,13407,13820,13523,12524,11516,9747,7678,5736,3634,2412,2298
Pulang Pisau,139508,11660,11479,11363,11328,11135,11834,11157,10414,10034,9167,8027,6505,5460,4029,2896,3020
Gunung Mas,145534,13704,12198,12074,12402,13657,13049,13841,12363,10568,8721,7053,5357,3966,2779,1855,1947
Barito Timur,118759,10071,8183,8820,9657,10224,9986,9242,9195,9091,8617,7649,6136,4596,3217,2099,1976
Murung Raya,118443,11578,9569,10447,11343,11445,10581,9428,9461,8575,7419,5928,4425,3365,2282,1313,1284
Kota Palangka Raya,310113,27598,24896,24179,25074,24935,28247,26996,24712,22105,20729,17807,14195,11434,7700,5101,4405
KALIMANTAN SELATAN,4273400,362581,374273,381333,331838,331027,336286,331590,326553,312027,295312,258357,214652,167524,117405,74486,58156
Tanah Laut,364982,30045,32633,32664,28371,27753,28194,28372,28582,28074,25727,21706,17683,13916,9778,6412,5072
Kotabaru,343684,31424,28824,32144,30562,29608,27246,25470,25802,25705,23591,20180,15827,11232,7478,4757,3834
Banjar,600639,50403,52060,52118,44878,45967,47348,48762,47358,45443,42411,36312,29987,23206,16402,9916,8068
Barito Kuala,330990,27485,28085,29148,25897,25734,24901,25405,25148,25014,23947,20551,17364,12959,9102,5756,4494
Tapin,198870,16100,17629,18048,14673,14101,15667,15820,15713,14771,13735,12336,10325,8021,5715,3481,2735
Hulu Sungai Selatan,238778,19856,19515,20365,18499,18896,18921,18052,17530,16244,16022,15130,13089,10406,7471,4663,4119
Hulu Sungai Tengah,268754,21975,21851,22540,20598,22135,21111,19855,18853,17231,17929,17112,15637,12823,9051,5279,4774
Hulu Sungai Utara,237111,21053,20611,20781,18667,19299,18578,18546,18085,16094,15240,13784,11683,9572,7046,4659,3413
Tabalong,266885,23538,24161,23914,20042,20115,21784,22047,21803,18966,17969,15630,12653,10102,6911,4306,2944
Tanah Bumbu,342363,31818,35376,34613,26811,23024,26671,27922,27192,26157,23180,18705,14322,10665,7287,4958,3662
Balangan,138116,12337,12588,12811,10890,11090,11510,11338,11104,9430,8699,7535,6717,5171,3557,1887,1452
Kota Banjarmasin,668762,52600,56003,58198,52269,52833,51518,48231,48117,48178,47026,42451,36091,29245,20899,14229,10874
Kota Banjar Baru,273466,23947,24937,23989,19681,20472,22837,21770,21266,20720,19836,16925,13274,10206,6708,4183,2715
KALIMANTAN TIMUR,4045858,327786,319144,318402,336391,349897,352522,341179,327766,304697,279534,238344,191024,144800,97054,60643,56675
Paser,286991,24677,23706,22366,23103,23466,23759,23744,23844,21761,20127,17092,13652,10610,6947,4196,3941
Kutai Barat,178743,14512,12924,13983,15084,15828,15386,14388,14051,13895,12996,10949,8254,6401,4433,2786,2873
Kutai Kartanegara,789767,61951,66117,66276,69650,70258,67153,63010,60759,58142,53957,46370,36656,27374,18696,11554,11844
Kutai Timur,462993,38663,34186,37549,39828,41047,41215,43462,42643,36633,32248,26367,19302,12805,7996,4590,4459
Berau,261833,22798,21644,21326,21237,21243,22948,23247,22310,20171,18631,15472,11785,7876,5042,3131,2972
Penajam Paser Utara,267686,18601,21373,17941,20949,29067,31859,26761,21975,19135,16181,13192,10607,7848,5206,3431,3560
Mahakam Ulu,34246,2988,2428,2532,2720,3068,3479,3070,2533,2407,2169,1812,1495,1284,905,609,747
Kota Balikpapan,717231,59461,57102,54615,56798,56424,58970,58666,57351,54699,50890,43080,35079,28622,20475,13694,11305
Kota Samarinda,858079,66908,63624,67239,71667,72877,70480,67731,67127,64985,60679,53947,45075,34967,23113,14329,13331
Kota Bontang,188289,17227,16040,14575,15355,16619,17273,17100,15173,12869,11656,10063,9119,7013,4241,2323,1643
KALIMANTAN UTARA,739778,65068,57716,57962,64947,64792,63916,62163,60075,55538,50323,42316,33111,24886,16576,10488,9901
Malinau,86523,7474,7030,6875,7797,7923,7675,7615,7235,6363,5715,4632,3396,2591,1696,1204,1302
Bulungan,160241,13640,12248,12269,13806,14099,13730,13366,13064,12042,10852,9324,7298,5745,3862,2501,2395
Tana Tidung,28161,2966,2522,2324,2273,2225,2183,2336,2502,2254,1961,1564,1163,786,499,291,312
Nunukan,210937,18229,15556,16313,18796,18877,18872,17988,16901,15339,14284,12397,9885,7227,4675,2713,2885
Kota Tarakan,253916,22759,20360,20181,22275,21668,21456,20858,20373,19540,17511,14399,11369,8537,5844,3779,3007
SULAWESI UTARA,2701777,200694,199783,205564,202507,205729,211371,205817,196777,191447,186549,171622,154220,128043,98307,68254,75093
Bolaang Mongondow,257266,19039,19871,21327,21682,20399,20560,19155,17119,18499,18278,16414,14143,10954,8153,5437,6236
Minahasa,353539,24180,24051,24334,23972,26340,26651,24785,23652,23987,24647,23898,22054,19116,15651,11728,14493
Kepulauan Sangihe,142846,10103,8925,10020,9466,9750,11019,12063,11454,10316,9613,9232,8830,8003,5803,3947,4302
Kepulauan Talaud,98297,7311,6864,7492,7505,7237,7716,7624,7646,7156,7229,5757,5100,4712,3719,2489,2740
Minahasa Selatan,241261,16819,17237,17977,18018,18861,18385,16561,15407,15615,16993,16095,14452,12125,10246,7574,8896
Minahasa Utara,233471,17130,17252,17954,17711,17813,18595,18226,17552,16424,16083,14428,13047,10740,8445,6049,6022
Bolaang Mongondow Utara,87197,7122,7462,7409,7474,7209,6951,6768,6055,6185,5597,5128,4303,3560,2514,1729,1731
Siau Tagulandang Biaro,73922,5070,4696,5094,4885,5239,5567,5890,6027,5007,4773,4811,4749,4300,3160,2143,2511
Minahasa Tenggara,120438,9506,9969,9798,9832,9655,9548,8458,7697,7702,8170,7646,6814,5325,4036,2982,3300
Bolaang Mongondow Selatan,72900,6253,6465,6654,6678,6032,5895,5908,5300,5289,4824,3882,3146,2494,1792,1134,1154
Bolaang Mongondow Timur,92219,7097,6712,7325,7274,7090,7567,7547,6842,6780,6669,5777,5100,3890,2859,1821,1869
Kota Manado,460427,34569,34514,33812,32257,33830,36051,36765,36465,33365,30774,28670,26645,22573,16957,11335,11845
Kota Bitung,234966,18550,18080,19023,18829,18615,18739,18526,18375,17955,16856,14781,12178,9320,6807,4253,4079
Kota Tomohon,103954,7846,7628,7444,7203,7747,7721,7443,7413,6996,7202,7176,6248,5201,4082,3113,3491
Kota Kotamobagu,129074,10099,10057,9901,9721,9912,10406,10098,9773,10171,8841,7927,7411,5730,4083,2520,2424
SULAWESI TENGAH,3121753,269930,273022,267051,260856,259237,262188,251125,235681,219517,202931,176283,146053,114614,81829,53903,47533
Banggai Kepulauan,124576,10341,11063,11302,11017,10679,9826,8881,8980,8918,8154,6991,5906,4804,3408,2289,2017
Banggai,377603,31789,31495,29591,31332,31419,29947,28770,29049,28016,25584,22326,18185,14901,10736,7542,6921
Morowali,173313,16115,17159,13395,10584,13020,21831,19880,15273,11473,9134,7377,6034,4592,3407,2147,1892
Poso,254060,20256,20126,20402,20496,21029,19943,19260,18692,18667,17550,15221,12835,10507,8027,5468,5581
Donggala,310998,25082,26372,29296,29002,26430,25198,23562,21923,20846,20207,18193,14915,11731,8089,5415,4737
Toli-Toli,233898,21053,23013,20087,18925,18751,18055,18395,16696,16346,15264,13668,11255,8669,6081,4078,3562
Buol,152355,15075,15274,14293,13977,13545,12740,11245,10426,10105,8983,8045,6455,4925,3377,2241,1649
Parigi Moutong,459781,39289,33293,38515,40676,41253,38836,36368,33952,33162,31571,26979,22202,16769,12100,7905,6911
Tojo Una-Una,170815,15033,16369,15773,14932,14599,13617,12823,12704,11441,10833,9159,7705,6171,4342,2833,2481
Sigi,269963,23215,23061,23124,22897,21622,21164,21066,20483,19499,18233,15924,12982,10077,7333,4843,4440
Banggai Laut,74019,6640,7693,7322,6664,6227,5664,5829,5811,5048,4480,3719,2954,2363,1798,1034,773
Morowali Utara,127865,10779,11764,11483,10909,10157,10178,10313,10126,8954,8241,6945,5800,4629,3308,2187,2092
Kota Palu,392507,35263,36340,32468,29445,30506,35189,34733,31566,27042,24697,21736,18825,14476,9823,5921,4477
SULAWESI SELATAN,9463385,791502,716275,721677,818622,811984,794322,753811,699752,655481,614128,544496,466518,377342,281329,197587,218559
Kepulauan Selayar,142701,11240,9684,10457,12987,13408,11242,10443,10666,10116,8951,8094,6955,6085,4877,3441,4055
Bulukumba,454719,36494,31051,32950,37115,35383,36136,34985,33691,33599,32973,30010,25261,19347,15059,10117,10548
Bantaeng,205418,16757,15250,14326,16443,17653,16819,16243,16994,16215,14404,12295,10349,8121,5783,3881,3885
Jeneponto,418969,34695,31631,32221,35282,34038,35110,35221,34013,31549,28536,23333,19440,15502,11898,7269,9231
Takalar,317017,27822,26749,24393,25456,24369,24952,26072,23673,21799,21006,18864,16393,13375,9559,5991,6544
Gowa,814041,68519,62571,63119,69485,68614,70419,67322,59863,56425,53280,47785,40124,32322,23001,15432,15760
Sinjai,270434,23158,20067,19807,23406,24084,22028,20628,19357,18941,18402,16319,13337,10743,8280,5670,6207
Maros,413594,36016,35007,33074,34580,32732,34056,36289,33297,28146,25651,23185,19986,15613,11018,7393,7551
Pangkajene dan Kepulauan,359163,29867,28752,28361,32088,32324,31019,27441,25456,22856,22551,20283,18471,14106,10213,7371,8004
Barru,189214,15177,14241,13901,15584,14657,15107,14100,12620,12495,12301,11756,10392,9304,6754,4980,5845
Bone,830119,64807,57090,60526,69823,72595,69325,63934,56162,54786,54150,50686,43194,35904,29503,21762,25872
Soppeng,239355,17711,14742,14969,17486,18644,18815,17518,14799,15565,16255,16422,15036,12782,10665,8156,9790
Wajo,389052,28435,27229,28428,29986,26809,27027,30775,30924,29135,26588,24482,22798,20555,14569,10304,11008
Sidenreng Rappang,330742,26095,25930,24551,27083,26735,26395,25061,24077,23689,21993,19444,17364,14404,10590,7791,9540
Pinrang,424646,36356,32775,33121,36226,34832,34702,32006,30576,29693,27457,24523,22818,17741,12646,9038,10136
Enrekang,238099,21491,17259,19026,23546,24427,22117,18370,15470,14791,14137,12494,10127,8057,6183,4648,5956
Luwu,384280,33784,30083,30903,36108,35510,34276,30078,26681,25418,24471,21754,17022,12770,9611,7292,8519
Tana Toraja,292422,26381,18070,21205,27316,28904,26089,23407,21853,18816,18003,15456,13098,9781,8436,6662,8945
Luwu Utara,337655,29648,25497,25791,31115,32285,30729,25805,23647,23410,21980,19100,15125,12200,8668,6081,6574
Luwu Timur,312731,28576,27592,25667,28338,26739,25973,24765,23391,23607,21453,16786,12602,9698,7194,5257,5093
Toraja Utara,277791,27979,22179,23972,28125,26728,24274,20022,17740,16252,15623,13482,11013,8724,7847,6079,7752
Kota Makasar,1464637,117000,112711,113756,130763,129701,126499,122615,116039,102516,92133,79721,70051,57636,40265,27366,25865
Kota Parepare,160920,14958,14089,12509,13182,13440,13605,13532,12362,11289,10066,8613,7545,6227,4275,2601,2627
Kota Palopo,195666,18536,16026,14644,17099,17373,17608,17179,16401,14373,11764,9609,8017,6345,4435,3005,3252
SULAWESI TENGGARA,2793072,268294,252121,248146,248009,243310,239876,226061,208366,189506,169962,144342,116406,90384,64217,42922,41150
Buton,122029,12598,11996,11335,11809,11586,10835,9549,8269,7053,6400,5590,4449,3761,2794,1881,2124
Muna,227984,21794,20004,21936,23264,22055,19874,15746,14468,13376,12347,11930,9794,7596,5807,4046,3947
Konawe,274071,26409,23111,22792,24472,24125,23777,22103,20280,19414,17593,14070,11263,9418,6688,4642,3914
Kolaka,248763,21695,22933,23073,22262,20587,20130,19395,18409,18084,16254,13486,10919,8272,5668,3903,3693
Konawe Selatan,329210,30720,29357,28699,28980,28110,27821,26151,23440,22991,21141,18353,14335,11058,7853,5271,4930
Bombana,160654,16058,15016,14172,13189,12366,13243,12955,12652,11828,10509,9093,6866,5032,3421,2112,2142
Wakatobi,118259,11979,9957,9921,9786,10149,10324,9833,9003,7694,6953,5602,5175,4135,3164,2126,2458
Kolaka Utara,148496,14191,12512,12491,12519,13081,12685,12351,12219,10905,10018,8119,6326,4530,2981,1859,1709
Buton Utara,69799,7026,6797,6481,6582,5958,5819,5653,5249,4232,3887,3660,2853,1958,1475,1051,1118
Konawe Utara,73829,7625,7596,6735,6345,6474,6113,6260,5751,5191,4552,3567,2729,1935,1390,848,718
Kolaka Timur,127549,11960,9700,10066,10799,11226,10578,9854,9282,9274,9071,7843,6207,4608,3096,2083,1902
Konawe Kepulauan,39688,3990,3677,3537,3611,3589,3462,3572,3036,2378,2261,1991,1527,1135,914,561,447
Muna Barat,90956,9135,8403,8307,8057,7966,7954,7313,6479,5521,4932,4591,3708,2971,2261,1661,1697
Buton Tengah,121289,12382,11628,12129,12221,11538,10918,9390,8138,6666,5917,5328,4351,3472,2735,1978,2498
Buton Selatan,101194,10808,10148,9577,9910,10166,9413,8112,7116,5619,4765,4013,3456,2706,2159,1475,1751
Kota Kendari,370764,33712,33235,31777,29706,29752,33358,33890,31145,27436,23592,18976,15534,12265,7807,4883,3696
Kota Baubau,168538,16212,16051,15118,14497,14582,13572,13934,13430,11844,9770,8130,6914,5532,4004,2542,2406
GORONTALO,1227794,106889,94620,94793,106253,106258,105444,99931,92246,86152,80349,70692,60027,47225,33430,22037,21448
Boalemo,153274,13759,12020,11678,13529,13842,12896,12644,11373,10656,10407,8968,7342,5358,3857,2530,2415
Gorontalo,409509,35245,30771,30910,35363,35254,35763,32961,29966,28707,26849,24085,20691,16289,11500,7711,7444
Pohuwato,153770,13429,12461,12499,13394,13109,12992,12683,11688,11138,10651,8848,7278,5522,3637,2266,2175
Bone Bolango,170649,14848,13399,13441,14632,14585,14385,13693,12737,11793,10983,9638,8089,6630,5060,3350,3386
Gorontalo Utara,132784,12208,10149,10638,11917,12173,12121,11193,9860,8901,8179,7101,6061,4788,3222,2093,2180
Kota Gorontalo,207808,17400,15820,15627,17418,17295,17287,16757,16622,14957,13280,12052,10566,8638,6154,4087,3848
SULAWESI BARAT,1503232,145683,136536,134022,136888,133133,129960,121219,109577,99602,89942,76534,62064,48147,33848,22947,23130
Majene,183869,18759,18805,17131,16681,16103,15472,14717,13143,11333,10111,8515,7137,5767,4234,2874,3087
Polewali Mandar,501319,46299,43873,44728,45296,41443,40217,40517,36159,32822,30426,27246,22848,18065,12671,8885,9824
Mamasa,172923,16159,13904,14327,15571,17132,17326,12740,11011,10826,11061,9139,7130,5294,4493,3397,3413
Mamuju,297141,29382,28290,27073,27027,26332,25147,24038,22964,20693,17583,14402,11495,8915,6086,4086,3628
Mamuju Utara / Pasangkayu,202860,19848,18064,18027,18906,17747,17665,17761,16256,14906,12616,10361,7693,5751,3497,1987,1775
Mamuju Tengah,145120,15236,13600,12736,13407,14376,14133,11446,10044,9022,8145,6871,5761,4355,2867,1718,1403
MALUKU,1945648,182791,155416,156058,180284,178422,174994,162923,146271,131034,115652,99030,81733,65161,48636,33151,34092
Maluku Tenggara Barat / Kepulauan Tanimbar,130487,12731,10548,11231,13521,12327,10758,9980,8896,8237,7539,6565,4955,4454,3856,2669,2220
Maluku Tenggara,126245,11477,9580,10265,12247,12006,11282,11037,9609,7795,6423,5640,5225,4394,3637,2504,3124
Maluku Tengah,440848,37003,30906,33244,40931,43166,39964,35564,32705,29542,26886,23398,19838,16632,12543,8865,9661
Buru,142304,12947,13441,11575,12841,12802,13183,11630,10784,10362,9068,7508,5773,3942,2612,1890,1946
Kepulauan Aru,109159,11011,9764,10254,10940,9762,9431,8961,7848,6988,6274,5439,4161,3085,2203,1509,1529
Seram Bagian Barat,226044,23877,19061,19044,22531,22445,20615,17662,15600,14554,12654,10813,8812,6997,4939,3121,3319
Seram Bagian Timur,147139,14591,13282,12759,14801,14627,13675,11606,10938,9600,8205,6872,5864,3871,2877,1839,1732
Maluku Barat Daya,87197,9118,8053,7889,7980,6679,6879,6891,6398,5780,4804,4046,3330,2948,2588,1908,1906
Buru Selatan,80842,8607,8053,7335,8309,7468,7431,6891,6291,5332,4301,3283,2680,1846,1246,924,845
Kota Ambon,362639,32423,25878,25689,27827,28793,33716,33932,29027,26043,23971,20959,17454,14168,10116,6586,6057
Kota Tual,92744,9006,6850,6773,8356,8347,8060,8769,8175,6801,5527,4507,3641,2824,2019,1336,1753
MALUKU UTARA,1355622,124270,119812,117477,122723,117469,108521,111800,111765,98160,85895,70263,56077,43327,31177,20569,16317
Halmahera Barat,137805,11545,10679,10302,11722,12006,11213,11292,11391,10565,9713,7961,6250,4814,3647,2454,2251
Halmahera Tengah,61791,5988,6006,5769,5582,4825,4970,5447,5155,4456,3785,3027,2435,1747,1226,771,602
Kepulauan Sula,109256,10007,9696,9789,10076,9970,8814,9000,8941,7122,6544,5414,4347,3648,2632,1833,1423
Halmahera Selatan,264926,25762,20441,22770,26155,26112,22881,22127,21152,17780,15682,13265,10522,8191,5781,3599,2706
Halmahera Utara,207739,18536,19397,19380,19642,17569,16548,16117,15529,14724,12963,10777,8637,6735,5132,3522,2531
Halmahera Timur,98224,9469,8916,8608,8727,8122,7398,8159,8322,7811,6477,5002,3864,2740,2101,1379,1129
Pulau Morotai,79660,8875,8535,7350,7082,6458,5937,6518,6703,5326,4353,3522,2788,2196,1745,1287,985
Pulau Taliabu,61368,5553,6507,5822,6017,5389,4890,4990,5041,4285,3422,2863,2211,1663,1239,803,673
Kota Ternate,214414,18546,19837,18221,17528,16916,16557,18263,19209,16793,14511,11579,9351,7166,4670,2913,2354
Kota Tidore Kepulauan,120439,9989,9798,9466,10192,10102,9313,9887,10322,9298,8445,6853,5672,4427,3004,2008,1663
PAPUA BARAT,1205823,119446,97169,95428,105716,108188,111521,106957,100422,89467,76742,62720,47681,35450,23887,14664,10365
Fakfak,90171,8739,9085,8361,8538,8366,7478,6857,6714,6349,5152,4547,3535,2860,1820,1097,673
Kaimana,66655,6706,5317,5805,6904,6726,5818,5175,5151,4817,4137,3586,2642,1814,1068,610,379
Teluk Wondama,45561,6064,4088,4216,4810,4140,3708,3445,3363,3090,2510,1941,1429,1191,794,460,312
Teluk Bintuni,91064,7680,7088,6850,7793,7989,8505,8827,8388,7798,6542,5291,3540,2187,1271,743,572
Manokwari,204955,18897,18329,17529,17514,17748,19803,18424,16640,14729,12777,10175,7915,6025,4196,2537,1717
Sorong Selatan,56292,6197,4887,4759,5697,5677,5290,4618,4280,3716,3127,2615,1937,1490,1039,561,402
Sorong,123136,11402,9650,9352,10544,10867,10455,10367,9797,9425,8122,7017,5527,4140,2862,1950,1659
Raja Ampat,70061,8790,6519,6198,7201,6214,5618,5846,5434,4876,3991,3070,2108,1784,1302,684,426
Tambrauw,31354,4558,2473,2151,2526,2572,3126,2638,2714,2462,1963,1426,1105,822,402,256,160
Maybrat,47542,5918,2497,2930,4125,4817,5314,4410,3813,2842,2907,2373,2013,1369,1055,627,532
Manokwari Selatan,38820,4024,3112,2822,3112,3913,4213,3514,3093,2446,2396,2019,1608,1169,724,384,271
Pegunungan Arfak,41470,4498,1762,1859,2758,3716,4555,4149,4446,3316,3428,2652,2059,1193,624,260,195
Kota Sorong,298742,25973,22362,22596,24194,25443,27638,28687,26589,23601,19690,16008,12263,9406,6730,4495,3067
PAPUA BARAT DAYA,627127,62838,48388,47986,54287,55590,57441,56566,52627,46922,39800,32509,24953,19011,13390,8573,6246
Raja Ampat,70061,8790,6519,6198,7201,6214,5618,5846,5434,4876,3991,3070,2108,1784,1302,684,426
Sorong,123136,11402,9650,9352,10544,10867,10455,10367,9797,9425,8122,7017,5527,4140,2862,1950,1659
Sorong Selatan,56292,6197,4887,4759,5697,5677,5290,4618,4280,3716,3127,2615,1937,1490,1039,561,402
Maybrat,47542,5918,2497,2930,4125,4817,5314,4410,3813,2842,2907,2373,2013,1369,1055,627,532
Tambrauw,31354,4558,2473,2151,2526,2572,3126,2638,2714,2462,1963,1426,1105,822,402,256,160
Kota Sorong,298742,25973,22362,22596,24194,25443,27638,28687,26589,23601,19690,16008,12263,9406,6730,4495,3067
PAPUA,4542584,447197,409936,394114,325758,350464,401310,396786,382383,348366,306083,254090,196280,143511,90523,53067,42716
Merauke,239404,25184,32034,24556,17576,15326,18056,17430,17841,16630,12750,11527,8691,8197,5387,4104,4115
Jayawijaya,281090,23918,22704,24031,20858,25864,27196,23037,20631,18060,18061,16493,14000,11481,7764,3873,3119
Jayapura,173281,17766,26069,19545,13021,11686,14649,13054,13014,10854,8969,7289,5437,4741,3042,2272,1873
Nabire,175358,17336,23280,19125,13621,11687,13734,12998,13470,12847,10442,8818,5983,5001,3012,2215,1789
Kepulauan Yapen,118590,12765,14299,13909,10322,8558,9580,8440,8492,7221,6043,5334,4080,3770,2545,1827,1405
Biak Numfor,141103,14848,16482,15265,12363,10041,11144,9863,9680,8619,7084,6551,5330,5120,3589,2785,2339
Paniai,236534,24814,14787,14971,14732,21487,27183,26742,21140,20359,16656,12728,9411,5014,3541,1426,1543
Puncak Jaya,235124,19057,6414,12980,17389,20061,17392,20299,23793,24827,20286,18170,13321,10109,4794,3273,2959
Mimika,327777,29854,41055,34700,22594,20567,25174,28927,30495,26537,22533,17797,11268,7339,4057,2605,2275
Boven Digoel,69035,8114,12085,8693,4624,4158,4977,4936,5478,4366,3523,3041,1921,1480,769,525,345
Mappi,115102,14588,18069,15778,10240,7866,7695,7571,7626,6550,5474,4165,3209,2567,1644,1118,942
Asmat,118534,18304,23339,12822,10164,8383,7284,7466,7452,6160,5538,3879,3240,1970,1294,696,543
Yahukimo,372397,34183,11023,16409,23955,37304,42474,41720,33641,28018,29389,23864,20265,14993,7954,4806,2399
Pegunungan Bintang,83333,8665,8278,8907,7051,6936,6930,6974,7037,6266,5674,4307,3179,1948,853,162,166
Tolikara,246375,20787,10490,11600,13403,16925,20866,23218,24723,21027,17794,15212,15451,13418,11659,6148,3654
Sarmi,43092,3978,6438,5033,3246,2698,3140,3275,3613,2817,2296,1970,1454,1300,814,552,468
Keerom,64179,6419,9557,6848,4502,3940,4828,4746,5050,4355,3507,3054,2374,2140,1289,829,741
Waropen,35814,3997,5561,4600,2886,2150,2672,2411,2573,2218,1823,1447,1143,908,605,422,398
Supiori,24527,3227,3390,3291,1980,1560,1778,1718,1844,1403,1006,809,648,661,486,405,321
Mamberamo Raya,39388,4670,4750,4138,3227,3211,3333,3297,3031,2448,2179,1565,1237,1032,599,392,279
Nduga,113344,9984,4643,9689,9315,9428,9847,10767,10530,11791,10812,7924,4707,2342,1286,177,102
Lanny Jaya,208536,20187,10289,11648,13323,19702,24140,15978,14094,17441,20909,15132,12301,6161,4145,1794,1292
Mamberamo Tengah,53631,4841,5800,5285,4287,5158,4381,4204,4566,3961,4065,2765,2401,1212,450,149,106
Yalimo,108340,9878,7222,11193,8185,8766,9466,10160,9157,8108,7133,7019,6159,2769,2188,493,444
Puncak,122592,11844,4571,9682,9618,10542,12002,10995,9621,11171,10891,9341,5276,3693,1853,953,539
Dogiyai,125178,13660,9173,11951,7680,8765,10882,13724,11206,10258,8302,6051,5990,3296,2213,1151,876
Intan Jaya,143853,14199,5748,9761,9942,12662,13419,12334,13247,12968,11273,10121,6859,4766,3049,1751,1754
Deiyai,106496,11665,7466,11561,8998,9589,10261,9347,7517,7470,5615,5621,5365,2885,2024,551,561
Kota Jayapura,420577,38465,44920,36143,26656,25444,36827,41155,41821,33616,26056,22096,15580,13198,7618,5613,5369
PAPUA SELATAN,542075,66190,85527,61849,42604,35733,38012,37403,38397,33706,27285,22612,17061,14214,9094,6443,5945
Merauke,239404,25184,32034,24556,17576,15326,18056,17430,17841,16630,12750,11527,8691,8197,5387,4104,4115
Boven Digoel,69035,8114,12085,8693,4624,4158,4977,4936,5478,4366,3523,3041,1921,1480,769,525,345
Mappi,115102,14588,18069,15778,10240,7866,7695,7571,7626,6550,5474,4165,3209,2567,1644,1118,942
Asmat,118534,18304,23339,12822,10164,8383,7284,7466,7452,6160,5538,3879,3240,1970,1294,696,543
PAPUA TENGAH,1472912,142429,112494,124731,104574,115360,130047,135366,130489,126437,105998,88647,63473,42103,24543,13925,12296
Mimika,327777,29854,41055,34700,22594,20567,25174,28927,30495,26537,22533,17797,11268,7339,4057,2605,2275
Dogiyai,125178,13660,9173,11951,7680,8765,10882,13724,11206,10258,8302,6051,5990,3296,2213,1151,876
Deiyai,106496,11665,7466,11561,8998,9589,10261,9347,7517,7470,5615,5621,5365,2885,2024,551,561
Nabire,175358,17336,23280,19125,13621,11687,13734,12998,13470,12847,10442,8818,5983,5001,3012,2215,1789
Paniai,236534,24814,14787,14971,14732,21487,27183,26742,21140,20359,16656,12728,9411,5014,3541,1426,1543
Intan Jaya,143853,14199,5748,9761,9942,12662,13419,12334,13247,12968,11273,10121,6859,4766,3049,1751,1754
Puncak,122592,11844,4571,9682,9618,10542,12002,10995,9621,11171,10891,9341,5276,3693,1853,953,539
Puncak Jaya,235124,19057,6414,12980,17389,20061,17392,20299,23793,24827,20286,18170,13321,10109,4794,3273,2959
PAPUA PEGUNUNGAN,1467046,132443,80449,98762,100377,130083,145300,136058,124379,114672,113837,92716,78463,54324,36299,17602,11282
Nduga,113344,9984,4643,9689,9315,9428,9847,10767,10530,11791,10812,7924,4707,2342,1286,177,102
Jayawijaya,281090,23918,22704,24031,20858,25864,27196,23037,20631,18060,18061,16493,14000,11481,7764,3873,3119
Lanny Jaya,208536,20187,10289,11648,13323,19702,24140,15978,14094,17441,20909,15132,12301,6161,4145,1794,1292
Tolikara,246375,20787,10490,11600,13403,16925,20866,23218,24723,21027,17794,15212,15451,13418,11659,6148,3654
Mamberamo Tengah,53631,4841,5800,5285,4287,5158,4381,4204,4566,3961,4065,2765,2401,1212,450,149,106
Yalimo,108340,9878,7222,11193,8185,8766,9466,10160,9157,8108,7133,7019,6159,2769,2188,493,444
Yahukimo,372397,34183,11023,16409,23955,37304,42474,41720,33641,28018,29389,23864,20265,14993,7954,4806,2399
Pegunungan Bintang,83333,8665,8278,8907,7051,6936,6930,6974,7037,6266,5674,4307,3179,1948,853,162,166
INDONESIA,281603799,22638079,21984614,22036962,22116351,22250014,22525635,22139103,21576505,20536237,19370115,17235084,14770832,11930702,8889072,5987901,5616593