,transek_bermangrove,transek_bermangrove,transek_bermangrove,transek_bermangrove,transek_bermangrove,lebar_total_km,lebar_total_km,lebar_total_km,lebar_total_km,lebar_total_km
,CIR,JPR,PKL,SBY,SEM,CIR,JPR,PKL,SBY,SEM
2000,13.0,9.0,3.0,478.0,54.0,0.6,1.0,0.2,69.6,6.9
2005,9.0,8.0,7.0,483.0,62.0,0.6,0.8,0.7,71.8,7.4
2010,22.0,8.0,11.0,550.0,78.0,1.4,0.8,1.2,99.9,10.5
2015,62.0,7.0,23.0,583.0,123.0,6.1,0.7,2.2,127.9,22.8
2020,134.0,7.0,44.0,625.0,156.0,18.0,0.9,3.5,172.0,33.5
2021,152.0,8.0,52.0,635.0,158.0,22.6,1.0,4.7,182.0,33.7
2023,178.0,10.0,63.0,643.0,165.0,28.8,1.1,6.7,198.0,37.8
2025,220.0,14.0,78.0,674.0,180.0,43.0,1.3,12.0,226.6,47.9
